pool,project,symbol,chain,tvlUsd,apy,apyBase,apyReward,apyMean30d,sigma,mu,stablecoin,ilRisk,exposure,outlier,prediction_class,prediction_prob_pct,poolMeta
9d499222-a01a-45bb-bbc9-f01c7923693b,spark-savings,USDS,Arbitrum,359347868,3.6,3.6,,3.62524,0.00128,3.62714,True,no,single,False,Stable/Up,71.0,
3637ce7b-529b-49c1-964c-710a50b2939c,sky-lending,SUSDS,Arbitrum,359347868,3.6,3.6,,3.62546,0.00693,3.75247,True,no,single,False,Stable/Up,88.0,
712ce948-bd9e-4f4a-8916-b72c447f7578,usd-ai,SUSDAI,Arbitrum,289625627,7.95,7.95,,7.29378,0.04881,6.82127,True,no,single,False,Down,62.0,30d unlock
7c5e69a4-2430-4fa2-b7cb-857f79d7d1bf,aave-v3,WBTC,Arbitrum,154645369,0.04258,0.04258,,0.04712,0.01196,0.13666,False,no,single,False,Stable/Up,82.0,
3df9ffeb-8c72-438c-a9ae-026488d8f2b2,aave-v3,WEETH,Arbitrum,71732697,3e-05,3e-05,,2e-05,0.00566,0.05548,False,no,single,False,Stable/Up,78.0,
d3abc08b-8d68-412c-9c77-f31b7bfba672,pancakeswap-amm,WETH-GFC,Arbitrum,67518464,0.0,0.0,,0.0,0.0,0.0,False,yes,multi,False,,,
d9fa8e14-0447-4207-9ae8-7810199dfa1f,aave-v3,USDC,Arbitrum,52661381,2.06529,2.06529,,2.75102,0.16603,5.15024,True,no,single,False,Stable/Up,87.0,
4c45cc9e-e1a4-43c9-8a3d-687d96abb07c,fluid-lending,USDC,Arbitrum,39092610,4.97,4.97,,5.65949,0.13021,7.10114,True,no,single,False,Stable/Up,61.0,
9f9b14d8-4eaa-4718-85e9-43ca843f6dc6,fluid-lending,USD₮0,Arbitrum,38927430,4.97,4.97,,5.05066,0.14507,7.32747,False,no,single,False,Stable/Up,70.0,
5b8c0691-b9ff-4d82-97e4-19a1247e6dbf,gmx-v2-perps,WBTC.B-USDC,Arbitrum,35785632,17.54236,17.54236,,10.00347,0.41191,15.3001,False,yes,multi,False,Down,57.99999999999999,
6fc8395f-40c4-42c1-9002-c2b48c5e4c48,pendle,USDAI,Arbitrum,35228950,7.53611,7.53611,,6.90533,0.04462,5.98621,True,no,single,False,Down,73.0,For buying PT-USDai-18JUN2026
d2bc2c4d-2080-4ad2-ba0f-ef4d6d6e5189,pendle,USDAI,Arbitrum,35228950,1.38547,1.35657,0.0289,1.22445,0.17976,3.66511,True,no,single,False,Stable/Up,77.0,For LP | Maturity 18JUN2026
e62bcb01-ed4c-4ec9-8cfa-e86e7ccf7688,aave-v3,WSTETH,Arbitrum,34775382,0.00033,0.00033,,0.00033,0.00078,0.00988,False,no,single,False,Stable/Up,84.0,
61b4c35c-97f6-4c05-a5ff-aeb4426adf5b,gmx-v2-perps,ETH-USDC,Arbitrum,34389182,11.9236,11.9236,,8.37788,0.43722,17.14828,False,yes,multi,False,Stable/Up,69.0,
fcc621d6-24df-44a7-98b1-780f800638a6,fluid-lending,SUSDAI,Arbitrum,33775997,0.0,0.0,,0.0,0.0,0.0,True,no,single,False,,,
a14bd201-764c-40a5-86b8-2928b2461232,uniswap-v3,WETH-USDC,Arbitrum,33282976,29.74617,29.74617,,23.29385,1.13875,50.04673,False,yes,multi,True,Stable/Up,56.00000000000001,0.05%
bb7e9353-129f-4e01-b822-f4250d0abb8a,uniswap-v3,WBTC-WETH,Arbitrum,29074554,15.39868,15.39868,,12.73366,0.68955,18.41628,False,yes,multi,False,Down,52.0,0.05%
e302de4d-952e-4e18-9749-0a9dc86e98bc,aave-v3,WETH,Arbitrum,28471286,1.00039,1.00039,,1.1777,0.0333,1.49075,False,no,single,False,Stable/Up,76.0,
915366de-ac1f-47e9-bf8e-ec15fa1df6ec,fluid-lending,SUSDAI,Arbitrum,26473040,0.0,0.0,,0.0,0.0,0.0,True,no,single,False,,,
1f73ccbf-189e-4471-9e5c-46151b505d7d,blackrock-buidl,BUIDL,Arbitrum,25559000,3.19784,3.19784,,3.21537,0.00271,3.2127,True,no,single,False,Stable/Up,73.0,
4e65a45b-7bd9-4268-b8cd-3b0a0f764b4d,uniswap-v3,USDT-MIM,Arbitrum,19770500,1e-05,1e-05,,0.00069,5e-05,0.00042,True,no,multi,False,Stable/Up,78.0,0.05%
9605b661-5066-4aeb-b2f6-119db53e9d79,fluid-dex,SUSDAI-USD₮0,Arbitrum,17763831,0.899,0.899,,0.33659,0.07592,0.56239,False,yes,multi,False,Down,61.0,
8e68dfc4-646e-4fdc-b068-891296c80fb5,fluid-dex,SUSDAI-USDC,Arbitrum,17381315,0.4319,0.4319,,0.45248,0.08255,0.97235,True,no,multi,False,Stable/Up,53.0,
0ba9d450-b306-4889-85ed-83dfca983e60,compound-v3,WBTC,Arbitrum,12451771,0.0,,,0.0,0.0,0.0,False,no,single,False,,,USDC-pool
5e2aac09-71c8-4092-ba4f-00f1ac0d04fd,gmx-v2-perps,ETH-ETH,Arbitrum,12423739,11.56412,11.56412,,5.53623,0.27261,7.43693,False,no,multi,False,Down,78.0,
a334a33e-4e77-433d-8221-1fa6316eaac1,compound-v3,WBTC,Arbitrum,12251776,0.0,,,0.0,0.0,0.0,False,no,single,False,,,USDT-pool
ae3c1ac2-ad79-4a8d-8aa9-3f2a6c394ab4,uniswap-v4,DORY-USDC,Arbitrum,11935577,39.47889,39.47889,,73.68462,0.82497,40.81277,False,yes,multi,True,Down,65.0,1.00%
55d53cce-4455-4085-8245-557257d9fe61,pendle,SUSDAI,Arbitrum,10974993,8.55734,8.38376,0.17358,8.11208,0.07238,8.56586,True,no,single,False,Stable/Up,65.0,For LP | Maturity 15OCT2026
894ef05d-8143-4fa2-9a1c-bebc14686337,pendle,SUSDAI,Arbitrum,10974993,10.09179,10.09179,,9.61403,0.04322,8.628,True,no,single,False,Down,54.0,For buying PT-sUSDai-15OCT2026
940650fd-f695-4178-b438-cc52a7cd59e9,morpho-blue,BITGETUSDT0,Arbitrum,9586098,4.06189,4.06189,0.0,2.63965,0.0818,3.22604,True,no,single,False,Stable/Up,52.0,
85247b13-8180-44e7-b38c-4d324cc68a92,compound-v3,USDT,Arbitrum,9182171,1.93397,1.93397,0.0,2.05446,0.12513,4.15077,True,no,single,False,Stable/Up,84.0,
2f7db438-6ecd-49a8-ab86-667081d5e5ef,concrete,THUSD-USDC-ARB,Arbitrum,8694952,0.0,0.0,,0.0,0.0,0.0,False,yes,multi,False,,,thUSD Genesis Vault - USDC Arbitrum
3a6cc030-738d-4e19-8a40-e63e9c4d5a6f,aave-v3,USD₮0,Arbitrum,8647638,2.72527,2.72527,,2.68642,0.17072,4.51965,False,no,single,False,Stable/Up,84.0,
af3cd3a9-a9b8-483e-82c6-bf4fceb66584,uniswap-v3,WBTC-USDT,Arbitrum,8401239,32.33599,32.33599,,24.78872,1.00837,39.64336,False,yes,multi,True,Down,59.0,0.05%
49f18f1e-f9c4-435a-9875-8a5314660a69,pendle,SUSDAI,Arbitrum,8203220,10.23629,10.23629,,9.72149,0.05415,8.35501,True,no,single,False,Stable/Up,51.0,For buying PT-sUSDai-18JUN2026
a157419e-f37a-4711-8d9b-d8139ec4fe91,pendle,SUSDAI,Arbitrum,8203220,8.56357,8.43803,0.12553,7.99023,0.04562,7.92561,True,no,single,False,Stable/Up,63.0,For LP | Maturity 18JUN2026
4a433427-2a7e-4193-bf83-e15c996915e8,morpho-blue,BITGETUSDC,Arbitrum,7940593,3.67486,3.67486,0.0,3.70106,0.07044,3.9119,True,no,single,False,Stable/Up,63.0,
eec88a7a-789c-4953-b33c-56d5fb3db8cf,fluid-lending,WSTETH,Arbitrum,7888138,0.01,0.01,,0.00935,0.0012,0.0155,False,no,single,False,Stable/Up,78.0,
655edf24-3235-4fe3-a06a-f3bf8b259bc5,zerobase-cedefi,USDT,Arbitrum,7617106,9.0,7.0,2.0,9.0,0.0,9.0,True,no,single,False,Down,55.00000000000001,
e8f3da05-4607-4911-8df1-e91f95b52637,morpho-blue,WSTETH,Arbitrum,7380320,0.0,,,0.0,0.0,0.0,False,no,single,False,,,
67e1af02-d186-47bd-bd0f-584f1d115548,uniswap-v3,RAIN-WETH,Arbitrum,7342879,1.43914,1.43914,,2.00085,0.64601,10.42606,False,yes,multi,False,Stable/Up,83.0,0.01%
e2e8fb7a-15f7-4e84-8551-5604cd4015be,morpho-blue,PT-USDAI-18JUN2026,Arbitrum,7238424,0.0,,,0.0,0.0,0.0,False,yes,multi,False,,,
7127db96-afba-4089-8c9d-daa93c116856,uniswap-v3,WBTC-USDC,Arbitrum,7102991,39.60281,39.60281,,23.22599,0.23556,0.74604,False,yes,multi,False,Down,89.0,0.05%
2390b74a-8e4d-4275-bb1e-cc8b9cb88174,camelot-v3,USDY-USDC,Arbitrum,6979646,1e-05,1e-05,,0.00014,0.00602,0.02567,True,no,multi,False,Stable/Up,68.0,
49bdce2c-65d0-4bb7-bdc0-dc0d642317e6,uniswap-v3,WETH-USDT,Arbitrum,6241343,18.51695,18.51695,,17.33646,1.19136,47.62131,False,yes,multi,True,Stable/Up,84.0,0.05%
05b39877-c068-450b-bd0c-cc6e47886aa7,compound-v3,WSTETH,Arbitrum,6120353,0.0,,,0.0,0.0,0.0,False,no,single,False,,,USDC-pool
ffb4e407-6507-4615-b776-a0d99cfc1bbb,gmx-v2-perps,WBTC.B-WBTC.B,Arbitrum,5913530,9.03331,9.03331,,4.38758,0.16964,4.73961,False,no,multi,False,Down,71.0,
a980d165-d64a-45d8-b9c9-de2d628f5f23,fluid-lending,ETH,Arbitrum,5910914,0.38,0.38,,0.94828,0.04347,1.47324,False,no,single,False,Stable/Up,63.0,
53fd68b5-0f79-4b3b-9171-577e562beee4,uniswap-v3,WBTC-EVA,Arbitrum,5812796,10.42962,10.42962,,5.69518,0.14135,0.60548,False,yes,multi,False,Down,82.0,1%
600291d6-c8f3-47b0-81a0-98a64d123f3e,fluid-dex,USDC-USD₮0,Arbitrum,5766506,0.94818,0.94818,,0.49043,0.02914,0.64744,False,yes,multi,False,Down,54.0,
1f7d105b-9f30-425e-99af-59abfc8654c6,curve-dex,LUAUSD-2CRV,Arbitrum,5622166,0.01,0.01,0.0,0.02024,0.0292,0.25562,False,yes,multi,False,Stable/Up,70.0,
1767cdec-8dad-4b8c-a61c-fa10ab4d3f92,ondo-yield-assets,USDY,Arbitrum,5604050,3.55,3.55,,3.55,0.00222,3.57142,True,no,single,False,Stable/Up,72.0,US Dollar Yield
94594b8f-fd0c-48c3-b760-87c8e56b64fa,uniswap-v3,WETH-USDC,Arbitrum,5596339,26.59373,26.59373,,23.89265,1.31489,42.76017,False,yes,multi,True,Stable/Up,69.0,0.3%
c48595c8-49bc-4853-80e4-f18c470bbfc3,gains-network,USDC,Arbitrum,5502370,20.24297,20.24297,,8.60701,0.22449,10.32785,True,no,single,False,Down,81.0,
03f97f6b-3e17-4ccd-8687-0b3f736441b3,compound-v3,WSTETH,Arbitrum,5264808,0.0,,,0.0,0.0,0.0,False,no,single,False,,,USDT-pool
6b47d784-7591-4842-84a4-a7628b37c374,liminal-basis,XHYPE,Arbitrum,5094843,9.35101,9.35101,,6.06878,0.09962,4.68438,False,no,single,False,Down,82.0,Delta-neutral yield
a4fc0bc3-07f2-4dfe-9b1e-df33490bced1,gmx-v2-perps,ETH-USDC,Arbitrum,4984671,6.88338,6.88338,,6.7052,0.83824,21.90189,False,yes,multi,False,Stable/Up,76.0,
406c2d1b-e2e6-4512-9bae-3ce861ee8052,theo-network-thbill,THBILL,Arbitrum,4739817,3.50851,3.50851,,3.57248,0.02509,3.3329,False,no,single,False,Stable/Up,72.0,
0e289cf3-fee2-43fc-b387-ae7a20cfaf07,compound-v3,WETH,Arbitrum,4704641,0.0,,,0.0,0.0,0.0,False,no,single,False,,,USDC-pool
ac2283f9-01c8-4d7c-8214-7f681d479a56,silo-v2,RSETH,Arbitrum,4453421,0.0,0.0,,0.0,0.0,0.0,False,no,single,False,,,160
c60adee5-39bd-4bda-bf25-6b3c19301ecf,concrete,THUSD-THBILL-ARB,Arbitrum,4274875,0.0,0.0,,0.0,0.0,0.0,False,yes,multi,False,,,thUSD Genesis Vault - thBILL Arbitrum
93979396-e1b4-4119-b99b-433970d0983a,cian-yield-layer,WSTETH,Arbitrum,4086660,4.2,,,2.72328,0.20203,5.22512,False,no,single,False,Stable/Up,64.0,Aavev3
5fabde5e-8ce1-407d-b37d-57bfe853577b,silo-v2,WETH,Arbitrum,3754581,0.0,0.0,,1.45697,0.02732,1.71649,False,no,single,False,,,id 160
6d738e71-f965-42d0-8d80-e3d83b6ee028,silo-v2,RSETH,Arbitrum,3754577,0.0,,,0.0,0.0,0.0,False,no,single,False,,,WETH borrow
76b2b84f-45f1-40e5-9b29-2cb365c4a7f8,uniswap-v4,WBTC-USDC,Arbitrum,3745407,7.50011,7.50011,,15.53762,0.57125,19.55859,False,yes,multi,False,Stable/Up,90.0,0.05%
d9c395b9-00d0-4426-a6b3-572a6dd68e54,compound-v3,USDC,Arbitrum,3732210,2.74188,2.74188,0.0,2.60155,0.15424,5.95611,True,no,single,False,Stable/Up,82.0,
f36b3efe-124c-4261-9b8c-29dd39c2b8e8,uniswap-v4,ETH-USDC,Arbitrum,3468170,9.1613,9.1613,,16.53094,0.44642,19.45832,False,yes,multi,False,Stable/Up,86.0,0.05%
dffb3514-d667-4f2f-8df3-f716ebe09c93,gmx-v2-perps,LINK-USDC,Arbitrum,3464843,12.2668,12.2668,,7.76368,0.584,19.91536,False,yes,multi,False,Stable/Up,85.0,
b318f61c-b1b1-4bed-9fcd-421c50dcd1c3,uniswap-v3,WBTC-ARB,Arbitrum,3348117,13.5275,13.5275,,18.7876,0.17954,0.56898,False,yes,multi,False,Down,85.0,0.3%
aebb9f47-d15b-4671-8fe3-debb6e913ae2,morpho-blue,GTUSDCC,Arbitrum,3290332,3.98894,3.98894,0.0,4.15976,0.06687,4.28303,True,no,single,False,Down,50.0,
4e7fd7a4-4f10-421a-8ba0-0531b105bddb,compound-v3,WETH,Arbitrum,3252236,0.0,,,0.0,0.0,0.0,False,no,single,False,,,USDT-pool
906b233c-8478-4b94-94e5-2d77e6c7c9e5,gmx-v2-perps,SOL-USDC,Arbitrum,3249114,25.56624,25.56624,,14.33291,0.67233,23.33604,False,yes,multi,False,Down,71.0,
43644487-e26c-450c-8bcb-fb10c1e512e0,aave-v3,LINK,Arbitrum,3087195,0.01799,0.01799,,0.01587,0.00546,0.06451,False,no,single,False,Stable/Up,76.0,
73ebf747-86eb-40be-a60a-3796e52361ed,morpho-blue,WBTC,Arbitrum,2748070,0.0,,,0.0,0.0,0.0,False,no,single,False,,,
f3a3ae81-97ec-43d8-bafd-bd24d34f938c,morpho-blue,WBTC,Arbitrum,2618204,0.0,,,0.0,0.0,0.0,False,no,single,False,,,
19d0ddd5-083a-4839-a01a-5fdf066e94a3,fluid-lending,GHO,Arbitrum,2592017,5.78,5.78,,6.65477,0.13909,7.45722,True,no,single,False,Stable/Up,76.0,
ba3fb5f5-684e-4834-afca-d58668395b02,uniswap-v3,USDC-USDT,Arbitrum,2515194,7.4813,7.4813,,4.97016,0.32094,7.04036,True,no,multi,False,Down,63.0,0.01%
304dfb5a-0e54-4ea5-ab1c-1a7dd923d87d,fluid-lending,WBTC,Arbitrum,2504783,0.01,0.01,,0.01528,0.00166,0.00887,False,no,single,False,Stable/Up,70.0,
9cd96de2-8e96-4eed-b300-5c0e52e87fc9,gmx-v2-perps,WBTC.B-USDC,Arbitrum,2419320,24.82771,24.82771,,33.32846,1.05632,17.77582,False,yes,multi,False,Down,70.0,
c13f1940-9965-4eee-b7e8-af785591ceda,morpho-blue,BBQUSDC,Arbitrum,2375844,4.08497,4.08497,0.0,4.43965,0.06502,4.08791,True,no,single,False,Down,52.0,
9a43348e-f310-4adc-8a66-3d8c9b933f75,mim-swap,MIM-USDC,Arbitrum,2359203,0.0,0.0,0.0,10.60035,0.30437,13.63156,True,no,multi,False,,,
0464e11e-9c6d-46ab-b16e-a7dbdc71ec9d,dolomite,WBTC,Arbitrum,2332195,0.68198,0.68198,,0.45865,0.21503,2.4652,False,no,single,False,Stable/Up,51.0,
79f3a3df-1ee9-46e4-9ee1-2d4609bf3349,morpho-blue,SUSDS,Arbitrum,2324642,0.0,,,0.0,0.0,0.0,True,no,single,False,,,
97090e08-3182-463b-9da4-b7d886f0d290,uniswap-v4,RYZE-USDC,Arbitrum,2189747,0.1511,0.1511,,0.2199,0.10323,0.63852,False,yes,multi,False,Stable/Up,63.0,0.30%
a4ead0a9-6a97-4127-84b2-f5972fb96050,gmx-v2-perps,ETH-USDC,Arbitrum,2186920,3.87532,3.87532,,8.00334,0.52625,15.62862,False,yes,multi,False,Stable/Up,89.0,
8099741a-e1d5-49f0-ba9d-bc1ddbe72175,morpho-blue,SYRUPUSDC,Arbitrum,2150833,0.0,,,0.0,0.0,0.0,True,no,single,False,,,
f98849af-1166-420a-9aba-4e952269fb7d,morpho-blue,WEETH,Arbitrum,2113633,0.0,,,0.0,0.0,0.0,False,no,single,False,,,
3f2408d5-951c-4704-9695-313ecbbde8be,mim-swap,MIM-USDT,Arbitrum,2111092,0.0,0.0,0.0,9.02354,0.30786,13.99036,True,no,multi,False,,,
655ca962-e0ac-424c-84f9-2fe4fbb0fef4,dolomite,WETH,Arbitrum,2086694,1.20263,1.20263,,1.06634,0.22612,3.69258,False,no,single,False,Stable/Up,75.0,
6c97c62a-6738-4f0f-a9e1-bfeeb330332f,morpho-blue,WEETH,Arbitrum,2025638,0.0,,,0.0,0.0,0.0,False,no,single,False,,,
8fef41bb-261f-44b5-864a-a756a5d01421,dolomite,GM,Arbitrum,1986455,0.0,0.0,,0.0,0.0,0.0,False,no,single,False,,,
ea8d9aa8-46ae-4447-a192-74515706a575,aave-v3,ARB,Arbitrum,1959162,0.12453,0.12453,,0.10848,0.01427,0.2691,False,no,single,False,Stable/Up,65.0,
d4cdd2fb-54bd-40fe-8093-e691ea0b291a,aave-v3,RETH,Arbitrum,1881014,0.0033,0.0033,,0.0064,0.00859,0.06528,False,no,single,False,Stable/Up,59.0,
95fec1af-354f-4dbc-82fc-8e80b56ccad6,gmx-v2-perps,ETH-USDC,Arbitrum,1871858,10.37411,10.37411,,4.11223,0.11386,4.39685,False,yes,multi,False,Down,91.0,
8064dd23-125c-42eb-a09a-d23a234ad3a4,fluid-lending,WBTC,Arbitrum,1817591,0.01,0.01,,0.01528,0.00036,0.00364,False,no,single,False,Stable/Up,63.0,
5921fee6-b25f-4cd9-9cc4-fb07fe83ea89,uniswap-v3,WETH-GMX,Arbitrum,1800908,0.0,0.0,,0.10777,0.67008,8.43615,False,yes,multi,False,,,1%
24d52f63-cc2a-40a4-914d-6056f5e0f8ee,curve-dex,SUSDAI-USDC,Arbitrum,1800161,4.89,4.89,0.0,4.16729,0.08979,3.98628,True,no,multi,False,Down,73.0,
fe2d7c08-41e2-4998-95f5-e396739bfb7c,uniswap-v4,ETH-WBTC,Arbitrum,1755526,0.0,0.0,,0.0,0.0,0.0,False,yes,multi,False,,,0.05%
73e03744-6abb-4739-b4be-63c93709130b,fluid-lending,WBTC,Arbitrum,1754809,0.01,0.01,,0.01528,0.00166,0.00889,False,no,single,False,Stable/Up,70.0,
997497bc-ba09-4e7a-8515-0f12b9793caa,dolomite,GM,Arbitrum,1737495,0.0,0.0,,0.0,0.0,0.0,False,no,single,False,,,
d0e11625-79b9-40e3-b01f-a473af961995,dolomite,USDC,Arbitrum,1722074,3.61618,3.61618,,4.18372,0.49811,10.05799,True,no,single,False,Stable/Up,76.0,
daf1512e-5d07-4f91-8b46-9967e006f7ac,gains-network,GNS,Arbitrum,1709320,0.0,0.0,,0.0,0.35429,3.21925,False,no,single,False,,,
4ab15a65-3ed0-4577-973b-ef6f1a97ccc2,gmx-v2-perps,WBTC.B-USDC,Arbitrum,1649151,7.82995,7.82995,,2.60097,0.3016,6.58722,False,yes,multi,False,Down,70.0,
3e9da80c-274d-4f55-8421-7439d4ef429d,uniswap-v3,WETH-ARB,Arbitrum,1622163,55.84624,55.84624,,54.94916,1.13568,42.0329,False,yes,multi,True,Down,85.0,0.05%
cff6ce74-f1f1-47e9-9630-61f6e91f16c8,pendle,WEETH,Arbitrum,1543368,3.17059,3.17059,,2.70992,0.09057,3.69879,False,no,single,False,Stable/Up,75.0,For LP | Maturity 25JUN2026
44592213-9be8-4186-9a11-0edcc6f83b85,pendle,WEETH,Arbitrum,1543368,3.23789,3.23789,,3.0491,0.02213,2.87777,False,no,single,False,Down,52.0,For buying PT-weETH-25JUN2026
2c7146e4-90d0-43a7-9e22-bf3b174a924f,lagoon,DAMMSTABLE,Arbitrum,1521085,7.03039,7.03039,,5.75545,0.14733,5.09807,False,no,single,False,Down,76.0,
e72b5f97-7631-4f13-a251-39d798750f6a,uniswap-v3,HEGIC-WETH,Arbitrum,1470917,0.0,0.0,,0.01222,0.03877,0.20642,False,yes,multi,False,,,0.05%
b0910d1d-5638-4153-a7a6-ad0749605319,fluid-dex,WSTETH-ETH,Arbitrum,1413449,0.002,0.002,,2.21219,0.12392,0.83094,False,no,multi,False,Stable/Up,63.0,
a8e3d841-2788-4647-ad54-5a36fac451b1,aave-v3,DAI,Arbitrum,1353123,1.73047,1.73047,,2.06241,0.19459,4.1304,True,no,single,False,Stable/Up,86.0,
a8241024-73c8-4a22-aeac-6c6320cd462a,pendle,RETH,Arbitrum,1352694,2.099,2.099,,2.06977,0.02352,2.5477,False,no,single,False,Stable/Up,59.0,For LP | Maturity 25JUN2026
03ff6f62-14b0-4be8-8e8b-24e086ab196c,pendle,RETH,Arbitrum,1352694,2.32757,2.32757,,2.33055,0.00426,2.3283,False,no,single,False,Stable/Up,78.0,For buying PT-rETH-25JUN2026
83514d43-0677-43ca-96be-7b33160f4a19,fluid-lending,ETH,Arbitrum,1340917,0.38,0.38,,0.94828,0.04347,1.47324,False,no,single,False,Stable/Up,67.0,
7f1f0f18-9105-4f1d-89e9-fba520bde73d,dolomite,GLV[WBTC-USDC],Arbitrum,1325605,0.0,0.0,,0.0,0.0,0.0,False,yes,multi,False,,,
054b89fc-997b-4600-a4ab-00dbd72c0474,camelot-v2,PENDLE-WETH,Arbitrum,1306192,3.49149,3.49149,0.0,8.13151,0.77144,12.04371,False,yes,multi,False,Stable/Up,56.99999999999999,
2802aef3-8c1c-4ba1-a89f-411f7e3c4fe8,beefy,MIM-USDC,Arbitrum,1292349,10.1303,,,11.98386,0.29169,12.99907,True,no,multi,False,Stable/Up,70.0,Mim
986b9571-aa70-4a60-9c96-ffbd186f3e77,gmx-v2-perps,WBTC.B-USDC,Arbitrum,1265966,0.57439,0.57439,,0.91082,0.38069,6.79444,False,yes,multi,False,Stable/Up,83.0,
a287995e-2249-43d7-bdb0-0ce030930a51,aave-v3,TBTC,Arbitrum,1251681,0.0,0.0,,0.0,0.0,0.0,False,no,single,False,,,
a0240b73-abf8-43dd-8f6e-cc3cc9774d64,uniswap-v4,ETH-USDC,Arbitrum,1218554,32.90832,32.90832,,35.42615,0.76528,31.27459,False,yes,multi,True,Down,86.0,0.30%
f4106b25-024d-4f19-85f0-bf109ab46f7c,fluid-dex,WEETH-ETH,Arbitrum,1196900,0.04683,0.04683,,3.48472,0.11481,1.01611,False,no,multi,False,Stable/Up,65.0,
c3f33e70-a3b9-4c5a-b5b7-2a79654c6403,balancer-v3,EURE-AAVEUSDC,Arbitrum,1176266,3.20827,3.20827,0.0,3.65402,0.19404,4.48512,True,yes,multi,False,Stable/Up,71.0,
0d29be76-ba86-400f-961b-8dbccbd8cd56,uniswap-v3,CAPX-USDC,Arbitrum,1173133,0.9449,0.9449,,0.95523,0.02095,0.18447,False,yes,multi,False,Down,69.0,0.01%
cc2dac50-4dce-45bb-9b3f-dd9becb646dd,camelot-v3,WETH-APEETH,Arbitrum,1129987,0.0,0.0,,0.00099,0.01958,0.03639,False,no,multi,False,,,
01a2483d-7aba-44d1-85b1-7fd885a467d1,gmx-v2-perps,ETH-USDC,Arbitrum,1128342,6.31695,6.31695,,6.43176,0.72512,20.87246,False,yes,multi,False,Stable/Up,91.0,
a6dc5af9-ff47-44f4-ad38-a0c6fc62278e,native-credit-pool,NUSD₮0,Arbitrum,1123571,1.937,1.937,,2.84089,0.06448,1.10992,True,no,single,False,Down,65.0,"single-side, no-loss LP"
6fc4f4dd-425f-4f18-a683-3e31ada1bc91,uniswap-v4,WBTC-USDC,Arbitrum,1113542,18.10379,18.10379,,7.71583,0.29521,3.82844,False,yes,multi,False,Down,89.0,0.30%
9924c11e-fc09-4420-8248-c929a0124018,uniswap-v3,LON-USDC,Arbitrum,1111048,0.31731,0.31731,,0.38516,0.00954,0.02709,False,yes,multi,False,Down,52.0,0.3%
1c3ccb43-3eea-457a-8d64-ed8527455167,uniswap-v3,CHIP-USDC,Arbitrum,1109634,3.71447,3.71447,,1.59201,0.06588,1.36177,False,yes,multi,False,Down,60.0,0.01%
2e23e95e-e423-41f0-8db3-54d6326eb21a,camelot-v3,USDC-USDT,Arbitrum,1109473,1.2115,1.2115,,0.96952,0.27218,4.84213,True,no,multi,False,Stable/Up,83.0,
9beef608-8e7b-455b-97a1-84247be6631d,curve-dex,WBTC-TBTC,Arbitrum,1071625,0.3303,0.33,0.0003,0.24454,0.43848,2.61252,False,no,multi,False,Stable/Up,70.0,
7ba15e64-acde-48f1-b717-4e424783c904,solv-basis-trading,WBTC,Arbitrum,1070032,0.0,0.0,0.0,0.0,0.0,0.0,False,no,single,False,,,SolvBTC
e1174fe8-0705-4f83-9690-7c3a3983e6ac,uniswap-v4,ETH-USDT,Arbitrum,1015062,4.67133,4.67133,,5.14857,0.28059,6.98069,False,yes,multi,False,Stable/Up,73.0,0.05%
88f03137-9910-4a79-a8bb-29c93d631bd5,dolomite,GM,Arbitrum,1009269,0.0,0.0,,0.0,0.0,0.0,False,no,single,False,,,
2aef7e76-432a-4142-94c9-93130f0158fe,beefy,MIM-USDT0,Arbitrum,1008007,8.42353,,,10.1725,0.28961,13.58776,True,no,multi,False,Stable/Up,86.0,Mim
7aad812f-4ed1-42ea-8c8f-654b5ef49d25,morpho-blue,GTUSDCP,Arbitrum,1002891,3.24639,3.24639,0.0,4.0908,0.05224,3.74327,True,no,single,False,Stable/Up,71.0,
c63d4fcd-d5b4-43a2-81d3-38e7493fe291,curve-dex,USDC-USDSM,Arbitrum,999699,0.01,0.01,0.0,0.01699,0.00106,0.00678,True,no,multi,False,Stable/Up,65.0,
be1d7863-b6a4-4ca9-a615-c338e208c15e,uniswap-v4,SYRUPUSDC-USDC,Arbitrum,996389,0.0,0.0,,0.78575,0.08382,0.62874,True,no,multi,False,,,0.08%
cb3e197e-52ed-41ad-b134-d256fad5ce42,gmx-v2-perps,WBTC.B-USDC,Arbitrum,977761,4.89002,4.89002,,7.4979,0.64661,10.63728,False,yes,multi,False,Stable/Up,64.0,
44f437aa-baa7-48a7-b403-10bc0ca24500,uniswap-v3,MOR-WETH,Arbitrum,964627,2.99725,2.99725,,5.00704,0.27511,3.63524,False,yes,multi,False,Stable/Up,55.00000000000001,0.3%
f91555bf-2cb4-412f-96e5-f2806751f95e,morpho-blue,WETH,Arbitrum,964045,0.0,,,0.0,0.0,0.0,False,no,single,False,,,
4d967fdf-09f4-43ef-9429-653ec974e7ee,fluid-dex,SUSDE-USD₮0,Arbitrum,956772,0.05315,0.05315,,0.07568,0.02326,0.28469,False,yes,multi,False,Stable/Up,68.0,
016d7542-9b1a-4d58-bfe4-c9d81d1f5629,beefy,WBTC-USDC,Arbitrum,935332,66.96635,,,31.97753,2.2981,61.76132,False,yes,multi,True,Down,72.0,Uniswap
9383bed8-c5cd-4ca1-8692-a8447773a360,fluid-dex,USDAI-USDC,Arbitrum,931166,0.95001,0.95001,,0.65035,0.07173,0.58328,True,no,multi,False,Down,72.0,
841020d1-45aa-4203-b42e-379a053f3a8a,balancer-v3,AAVEGHO-USDT-USDC,Arbitrum,927639,2.288,2.288,0.0,3.5457,0.08866,3.56246,True,no,multi,False,Stable/Up,84.0,
9fb44210-2b23-4b7d-8f2f-aba82b93843e,uniswap-v3,WETH-USDC.E,Arbitrum,886345,20.84688,20.84688,,8.77131,1.12693,39.88944,False,yes,multi,True,Stable/Up,71.0,0.05%
f2b6c1ce-34e8-47c1-b782-e13fb6958017,camelot-v3,USDC-USDC,Arbitrum,870235,0.60524,0.60524,,0.63898,0.193,2.44899,True,no,multi,False,Stable/Up,60.0,
a978c15f-c41a-433b-b02f-3434256ba66f,uniswap-v3,PENDLE-WETH,Arbitrum,864206,27.67298,27.67298,,59.24167,1.6101,55.72346,False,yes,multi,True,Stable/Up,54.0,0.3%
f7f5606d-523f-4b37-951c-798840bff64f,fluid-lending,WSTETH,Arbitrum,857477,0.01,0.01,,0.00935,0.0012,0.0155,False,no,single,False,Stable/Up,77.0,
ee3be731-1b33-42b3-bf0b-6b7d1ee1ca0b,fluid-lending,WSTETH,Arbitrum,839096,0.01,0.01,,0.00935,0.00045,0.00718,False,no,single,False,Stable/Up,61.0,
415853f1-f2f2-427a-91ef-ed799930fed5,morpho-blue,WSTETH,Arbitrum,834438,0.0,,,0.0,0.0,0.0,False,no,single,False,,,
1f6280d9-fdca-4c6b-b657-88f85316f982,dolomite,UNI,Arbitrum,824456,0.02569,0.02569,,0.03028,0.00841,0.09996,False,no,single,False,Stable/Up,75.0,
8d58514b-1013-4fb0-8cd0-0f1147ed16f4,autofinance,USDC,Arbitrum,800237,7.94859,5.913,2.03559,7.56892,0.11908,8.65911,True,no,single,False,Stable/Up,67.0,arbUSD
6e642655-9c87-4d5b-8237-f45cfd42a920,compound-v3,WEETH,Arbitrum,797005,0.0,,,0.0,0.0,0.0,False,no,single,False,,,WETH-pool
cd7dd7fa-e34c-4cf0-af2b-6d13438f3852,uniswap-v3,WETH-LINK,Arbitrum,788183,6.14303,6.14303,,12.03086,1.21607,33.64227,False,yes,multi,True,Stable/Up,89.0,0.3%
dcc24c76-7101-4e54-9574-323b8f85d14b,aave-v3,AAVE,Arbitrum,787863,0.0,0.0,,0.0,0.0,0.0,False,no,single,False,,,
03c3a7fe-96e7-438a-98fb-950b438e6ffc,zerobase-cedefi,USDC,Arbitrum,786872,9.0,7.0,2.0,9.0,0.0,9.0,True,no,single,False,Down,51.0,
7e903803-b675-404a-aa2c-6b6025158e4c,morpho-blue,WETH,Arbitrum,783295,0.0,,,0.0,0.0,0.0,False,no,single,False,,,
12c58026-7208-4899-9f0c-dfc293513a3d,fluid-lending,WETH,Arbitrum,778535,0.38,0.38,,0.97055,0.05195,1.57573,False,no,single,False,Stable/Up,72.0,
210d0140-5491-4706-a432-c05186d27791,beefy,WAARBUSDCN-WAARBUSDT-WAARBGHO,Arbitrum,761720,2.3019,,,3.53807,0.21463,9.62337,True,no,multi,False,Stable/Up,90.0,Aura
bddc6092-e254-4aa9-a89c-9edd1408fa09,pendle,THBILL,Arbitrum,755873,12.57153,12.57153,,9.06683,0.13332,7.24686,False,no,single,False,Down,91.0,For LP | Maturity 18JUN2026
e706a34c-3811-467d-adf5-eb8d2a9c8587,pendle,THBILL,Arbitrum,755873,17.16711,17.16711,,13.79545,0.16618,8.42024,False,no,single,False,Down,82.0,For buying PT-thBILL-18JUN2026
d8e9838a-f710-4ac2-b002-1fe93ecb83ae,gmx-v2-perps,ETH-USDC,Arbitrum,749280,84.47483,84.47483,,111.81431,2.49534,40.81043,False,yes,multi,True,Down,73.0,
c531430b-4ad9-45a0-8f76-976d3964a77e,fluid-lending,ETH,Arbitrum,749038,0.38,0.38,,0.94828,0.05272,1.66397,False,no,single,False,Stable/Up,69.0,
b6410cd1-32b2-445a-a909-fe0e512806c7,morpho-blue,WSRUSD,Arbitrum,748629,0.0,,,0.0,0.0,0.0,True,no,single,False,,,
802bcae5-c68c-48dc-ae07-8674a998e28f,dolomite,GM,Arbitrum,744174,0.0,0.0,,0.0,0.0,0.0,False,no,single,False,,,
22a4a964-ea4c-4c5e-bdbf-c43342f61f3b,camelot-v3,PEAR-USDC,Arbitrum,743219,6.617,6.617,,7.35325,1.03805,16.99574,False,yes,multi,False,Stable/Up,75.0,
130ecca3-5a74-45d5-9a16-6b9500126f40,uniswap-v4,WBTC-USDT,Arbitrum,740054,16.26048,16.26048,,15.27831,0.65683,16.80599,False,yes,multi,False,Stable/Up,66.0,0.05%
a3f83882-20f8-4ba1-986f-045c79a1610a,gmx-v2-perps,ETH-USDC,Arbitrum,739967,1.41981,1.41981,,7.29676,0.35403,6.26751,False,yes,multi,False,Stable/Up,87.0,
763b3beb-83af-4f6b-aa1d-3cb5f328fa2f,uniswap-v4,ETH-DOT,Arbitrum,724038,0.0,0.0,,0.0,0.0,0.0,False,yes,multi,False,,,0.30%
4f3f9753-a071-4524-a564-35372a76c78d,curve-dex,USDC.E-USD₮0,Arbitrum,720684,0.44004,0.44,4e-05,0.33737,0.27196,2.23898,False,yes,multi,False,Stable/Up,56.99999999999999,
2ec84b50-59e5-49e6-ab12-41e99ed32a8c,uniswap-v3,WSTETH-WETH,Arbitrum,712567,0.5253,0.5253,,2.2917,0.20478,3.13528,False,no,multi,False,Stable/Up,68.0,0.01%
218505e7-996f-4a82-a845-6cf85734b00e,woofi-earn,USDC,Arbitrum,708963,2.64661,2.64661,0.0,2.47375,0.20058,9.57007,True,no,single,False,Stable/Up,90.0,SuperchargerV2
2e719733-9484-4fb8-b3c0-88f856400c7f,uniswap-v4,ETH-GMX,Arbitrum,702753,0.0,0.0,,0.0,0.0,0.0,False,yes,multi,False,,,0.05%
ea24c06e-aac9-4ee8-9bf0-04f16535c632,uniswap-v3,WBTC-CBBTC,Arbitrum,696945,5.58255,5.58255,,7.58651,0.13033,0.5068,False,no,multi,False,Down,82.0,0.01%
ec6dffcd-9e62-4e8f-afae-ba998b7c4b69,uniswap-v3,UNISHOP.AI-USDT,Arbitrum,686941,0.01348,0.01348,,0.05073,0.9855,5.14115,False,yes,multi,False,Stable/Up,62.0,1%
646df9da-01ef-4da5-9746-acbf12f70cfa,morpho-blue,HYPERUSDCA,Arbitrum,677250,3.75133,3.75133,0.0,4.32826,0.0833,5.29951,True,no,single,False,Stable/Up,62.0,
41ef5890-d6f4-4c54-9c39-4505a7bac672,deltaprime,USDC,Arbitrum,666850,7.57258,7.57258,,8.28471,0.32808,13.45795,True,no,single,False,Stable/Up,81.0,
687ff491-127b-4064-90cf-df9f6e89f082,curve-dex,USDAI-USDC,Arbitrum,666572,0.45,0.45,0.0,0.36984,0.17889,1.71311,True,no,multi,False,Stable/Up,64.0,
7b943e70-931b-43e1-97be-a0b7bd623836,gmx-v2-perps,WBTC.B-USDC,Arbitrum,664998,67.53244,67.53244,,25.39306,0.53964,15.05326,False,yes,multi,False,Down,87.0,
b66bc273-8292-42f8-a4f6-212da9254423,morpho-blue,MCUSDC,Arbitrum,651919,0.0,0.0,0.0,0.0,0.04935,0.14614,True,no,single,False,,,
a76d04d8-402a-4fcd-b692-9208e91219c8,fluid-lending,WSTETH,Arbitrum,651250,0.01,0.01,,0.00935,0.0012,0.0155,False,no,single,False,Stable/Up,77.0,
abd14430-0463-4146-a90a-cb63e118750f,curve-dex,ALUSD-USDC,Arbitrum,633739,9.88636,0.0,9.88636,8.20809,0.41479,14.82393,True,no,multi,False,Stable/Up,72.0,
1550613c-d60c-4d78-b370-0a7ec8a24dc7,harmonix-finance,USDC,Arbitrum,630455,5.57516,5.57516,0.0,5.61076,0.39944,11.54937,True,no,single,False,Stable/Up,81.0,
188aa963-c6c4-45ec-bc13-db067cf33249,stake-dao,ALUSD-USDC,Arbitrum,628818,9.96951,0.06,9.90951,8.22753,0.23912,14.33803,True,no,multi,False,Stable/Up,75.0,Curve
429bbfd9-1496-4871-9406-b64f3d05f38d,curve-dex,USD₮0-WBTC-WETH,Arbitrum,612074,2.2,2.2,0.0,1.60044,0.80083,2.85907,False,yes,multi,False,Stable/Up,59.0,
91213fb6-1d6b-45de-b6a0-22747de02778,morpho-blue,KPK-USDC-YIELD,Arbitrum,610668,3.9678,3.9678,0.0,4.10279,0.09175,4.70709,False,yes,multi,False,Stable/Up,56.00000000000001,
56df9438-0e3a-460b-bce8-7671eb9402c5,beefy,TBTC-WBTC,Arbitrum,606529,0.33043,,,0.33455,0.20001,2.64123,False,no,multi,False,Stable/Up,65.0,Convex
14d11019-8d05-43b9-8ab9-f9baeb9e70fa,uniswap-v3,WBTC-WETH,Arbitrum,597428,4.82681,4.82681,,6.05054,0.61868,12.01324,False,yes,multi,False,Stable/Up,57.99999999999999,0.3%
e287090b-80e7-42d4-8b65-1e2701fa74a1,uniswap-v3,MCB-USDC,Arbitrum,595195,0.00307,0.00307,,0.60937,0.02283,0.02829,False,yes,multi,False,Stable/Up,57.99999999999999,0.3%
ce5e5dea-3782-4ce9-8f14-0222450116ae,allbridge-classic,USDC,Arbitrum,570097,0.04067,0.04067,,0.06039,0.00514,0.11942,True,no,single,False,Stable/Up,79.0,
0c795123-f6a0-412f-92e8-11fbb598ac08,yo-protocol,USDC,Arbitrum,568952,3.69729,3.69729,,4.13413,0.25467,11.68448,True,no,single,False,Stable/Up,83.0,yoUSD
86a2ee7d-14cb-4819-bf19-351119f5688c,gammaswap-open-interest,WETH-GS,Arbitrum,566716,0.63843,0.63843,,6.64045,0.58065,8.36681,False,yes,multi,False,Stable/Up,74.0,
975a981d-ef67-4855-ba14-f770a6714a2a,uniswap-v4,VSN-USDC,Arbitrum,562146,1.44419,1.44419,,3.42905,0.26378,4.38536,False,yes,multi,False,Stable/Up,77.0,0.35%
fbb6a8e9-35b5-441b-ab42-51c1a7c6d1a0,gmx-v2-perps,ETH-USDC,Arbitrum,558582,293.91967,293.91967,,121.71375,3.50595,55.62372,False,yes,multi,True,Down,97.0,
00af582b-810c-42a6-a4a6-b70bc580f050,wompie,VLMGP,Arbitrum,558309,0.06529,,0.06529,0.05785,0.23343,0.84633,False,no,single,False,Stable/Up,57.99999999999999,
233a8f7c-f640-4186-ada8-b75db0b01206,uniswap-v4,UXLINK-USDT,Arbitrum,554667,0.00053,0.00053,,0.00075,0.00022,0.00173,False,yes,multi,False,Stable/Up,65.0,4.80%
38e095d1-5ada-42d2-9b2f-ccd1a14e41cf,gmx-v2-perps,WBTC.B-USDC,Arbitrum,546587,4.96689,4.96689,,1.96626,0.06862,1.01725,False,yes,multi,False,Down,89.0,
4c14f7e7-d802-4bce-9d0f-ac1e3bed6360,beefy,WSTETH-WETH,Arbitrum,545911,0.30691,,,1.36734,0.17833,1.80878,False,no,multi,False,Stable/Up,59.0,Uniswap
ba852dba-2778-4b00-a8e5-5ea40b56270f,gains-network,WETH,Arbitrum,544490,2.01786,2.01786,,1.40815,0.15103,4.64752,False,no,single,False,Stable/Up,85.0,
f0e3e18f-fa0a-457e-b3d2-6ce74551c39e,uniswap-v3,WBTC-TBTC,Arbitrum,533804,1.09088,1.09088,,1.7035,0.04203,0.37634,False,no,multi,False,Down,77.0,0.05%
aa349c3b-28b2-494b-86f5-d54e0f0d07dd,dolomite,GMX,Arbitrum,518144,0.0,0.0,,0.0,0.15041,0.4005,False,no,single,False,,,
18f93685-c199-44e7-8e25-154781d0a575,uniswap-v3,PENDLE-USDT,Arbitrum,516221,97.84062,97.84062,,127.01167,1.98636,87.51055,False,yes,multi,True,Stable/Up,56.00000000000001,0.3%
00da8266-ff9e-416b-ab47-65f6d5829cbc,camelot-v2,WETH-TROVE,Arbitrum,512721,0.00403,0.00403,,0.02318,0.31945,0.88644,False,yes,multi,False,Stable/Up,54.0,
88b813f3-cab1-406d-a6e1-016c408de90b,gmx-v2-perps,UNI-USDC,Arbitrum,511258,5.67584,5.67584,,6.32849,0.64143,15.99718,False,yes,multi,False,Stable/Up,85.0,
f3fa942f-1867-4028-95ff-4eb76816cd07,gmx-v2-perps,ARB-USDC,Arbitrum,508359,14.39841,14.39841,,20.36456,0.46154,14.10367,False,yes,multi,False,Stable/Up,64.0,
34ccf582-38d6-41e1-9ff2-3cfcbc2888a2,uniswap-v3,ESP-USDC,Arbitrum,502638,3.15254,3.15254,,2.60494,0.09792,0.79298,False,yes,multi,False,Down,73.0,0.01%
fa4c63d8-e411-437a-80be-b09c603cfa7b,curve-dex,ALETH-WETH,Arbitrum,497793,12.07026,0.19,11.88026,8.68166,1.46317,21.88413,False,no,multi,False,Stable/Up,61.0,
4533981f-e0c5-4765-999a-69e24246716a,gmx-v2-perps,ETH-USDC,Arbitrum,490143,1.49779,1.49779,,5.45385,0.20413,5.37771,False,yes,multi,False,Stable/Up,79.0,
85d64616-0822-4749-b4ca-705f95e1834b,lazy-summer-protocol,TARFIUSDC,Arbitrum,488121,2.53626,2.53626,,2.55535,0.01847,2.61152,True,no,single,False,Stable/Up,61.0,TarFi USDC
9a972972-30f1-4bcc-b1f1-9a3d7117a01b,stake-dao,ALETH-WETH,Arbitrum,484535,11.98598,0.08,11.90598,8.6676,0.48856,12.12545,False,no,multi,False,Down,57.99999999999999,Curve
ec49cd0b-42a0-4933-9668-f9778305d34b,morpho-blue,SYRUPUSDC,Arbitrum,477145,0.0,,,0.0,0.0,0.0,True,no,single,False,,,
d3a86c35-11aa-4061-bf99-8a7347251f95,beefy,WBTC-WETH,Arbitrum,474313,1.2199,,,2.9127,0.99892,20.35532,False,yes,multi,False,Stable/Up,72.0,Uniswap
fc5dfdbf-b3e8-4cc7-86ec-45a5dbc2da7d,uniswap-v4,WBTC-EVA,Arbitrum,472578,0.0,0.0,,0.0,0.0,0.0,False,yes,multi,False,,,1.00%
ea74173d-6493-4dde-aeb1-6997e8e557a3,uniswap-v4,WBTC-EVA,Arbitrum,470745,0.0,0.0,,0.0,0.0,0.0,False,yes,multi,False,,,0.30%
af6b6599-9cc0-407f-9826-0c78d802f334,compound-v3,WBTC,Arbitrum,454125,0.0,,,0.0,0.0,0.0,False,no,single,False,,,WETH-pool
420ad40c-2aab-4996-bb65-643d1ead3bfc,compound-v3,EZETH,Arbitrum,450947,0.0,,,0.0,0.0,0.0,False,no,single,False,,,WETH-pool
694c7731-fbbe-4a34-a100-fcc637296df0,lagoon,DACMLITSTRATEGY,Arbitrum,428442,10.42132,10.42132,,9.02988,0.19356,9.00019,False,no,single,False,Down,76.0,
c1ee2630-098d-4854-a814-364c655d1106,beefy,WBTC-USDT0,Arbitrum,428102,60.58919,,,38.81748,2.57969,68.2063,False,yes,multi,True,Stable/Up,52.0,Uniswap
1be7c7a6-17c0-4411-9a32-5722f8100cf4,uniswap-v3,ARB-USDC,Arbitrum,424910,1.0627,1.0627,,7.07875,0.09062,0.28242,False,yes,multi,False,Down,72.0,0.3%
6c01416d-af2d-4581-855a-0a6c9e5c281d,silo-v2,XUSD,Arbitrum,424119,6e-05,6e-05,,6e-05,1e-05,9e-05,True,no,single,False,Stable/Up,66.0,146
a51d982c-72ad-43b1-9cb2-0273c46655f3,camelot-v3,WETH-USDC,Arbitrum,417766,34.74196,34.74196,,19.30772,1.34285,43.71678,False,yes,multi,True,Stable/Up,57.99999999999999,
297ec375-6355-4387-b3a4-2ac7476d6a26,curve-llamalend,CRVUSD,Arbitrum,406234,6.32951,2.104,4.22551,6.63581,0.27649,9.30131,True,no,single,False,Stable/Up,74.0,WETH collateral
5e46e127-f39d-4ab1-b57b-f6de6c895772,camelot-v2,AIDOGE-WETH,Arbitrum,400906,0.1085,0.1085,,2.51611,0.90699,4.53662,False,yes,multi,False,Stable/Up,71.0,
9cb7fc60-9b7d-459e-8bf1-8f5189631cac,dolomite,PENDLE,Arbitrum,394707,0.296,0.296,,0.20865,0.02304,0.26547,False,no,single,False,Down,63.0,
77500885-c503-43d5-b84e-f057bebb96d8,curve-dex,CRVUSD-WBTC-WETH,Arbitrum,393251,1.01,1.01,0.0,1.20369,0.32565,5.53789,False,yes,multi,False,Stable/Up,77.0,
237745c8-9727-4948-b0ad-d43de85170c5,curve-llamalend,CRVUSD,Arbitrum,380962,4.43419,0.5238,3.91039,6.35587,0.2715,9.837,True,no,single,False,Stable/Up,78.0,WBTC collateral
57015496-e4d1-4a4a-b278-d49a5bf0a1d3,sushiswap-v3,WETH-USDC.E,Arbitrum,380825,15.10806,15.10806,,12.96666,0.44874,12.21878,False,yes,multi,False,Down,56.00000000000001,0.3%
bea4794d-e2ba-4186-9f6d-3cca014586c8,uniswap-v3,WBTC-UNISHOP.AI,Arbitrum,379917,0.00832,0.00832,,0.01746,0.00047,0.00252,False,yes,multi,False,Down,50.0,1%
9def06da-c8bd-4b6d-98ff-c3dab49e8c43,deltaprime,WBTC,Arbitrum,378579,1.40928,1.40928,,1.6378,0.3172,3.55959,False,no,single,False,Stable/Up,54.0,
f4696767-bb9b-47ff-bd5e-2a6c7fa49e3b,uniswap-v3,DOC-USDT,Arbitrum,377592,0.48084,0.48084,,0.47881,0.04758,0.38024,True,no,multi,False,Stable/Up,60.0,0.05%
293c038f-cf9a-4fc9-bd4b-1f6d5c328c81,gmx-v2-perps,WBTC.B-USDC,Arbitrum,377159,10.11489,10.11489,,34.62808,0.60605,8.02705,False,yes,multi,False,Down,69.0,
720f17a2-ea73-49f0-b7ee-7be3f471479b,hop-protocol,ETH,Arbitrum,374687,0.00213,0.00213,0.0,0.00213,0.22936,5.04788,False,no,single,False,Stable/Up,69.0,
32cf8182-1877-4429-abad-986af3f3ab46,beefy,WETH-USDC,Arbitrum,371532,17.26691,,,24.59507,2.10514,52.41801,False,yes,multi,True,Stable/Up,77.0,Uniswap
2b4ae96b-396e-4bf9-9594-bf0d4643ffce,uniswap-v4,VSN-USDC,Arbitrum,371197,1.17306,1.17306,,3.83296,0.28738,4.20809,False,yes,multi,False,Stable/Up,72.0,0.75%
be31e4e4-c68a-4c4d-94c9-8e7f7a6c1424,uniswap-v3,WBTC-RBTC,Arbitrum,370963,0.0,0.0,,0.40267,0.01153,0.04271,False,no,multi,False,,,0.05%
ac0ac088-59d5-488f-b5be-75a6a5381ac1,gmx-v2-perps,ETH-USDC,Arbitrum,366355,16.68409,16.68409,,3.11369,0.12718,2.84335,False,yes,multi,False,Down,90.0,
634de7f1-3fee-4f7b-84a7-49264375d5f2,pendle,WSTETH,Arbitrum,358156,2.64918,2.64918,,2.52351,0.03432,2.87309,False,no,single,False,Stable/Up,64.0,For LP | Maturity 25JUN2026
3dc97129-751e-4150-9b6f-34ab779ca0f2,pendle,WSTETH,Arbitrum,358156,2.58682,2.58682,,2.61619,0.00609,2.56082,False,no,single,False,Stable/Up,67.0,For buying PT-wstETH-25JUN2026
16d02052-eacb-43e3-bc46-076efa813fd1,uniswap-v4,ETH-EVA,Arbitrum,354797,0.0,0.0,,0.0,0.0,0.0,False,yes,multi,False,,,1.00%
fe449b5c-b996-40ea-84f9-9e1f625a8979,uniswap-v3,WETH-RNG,Arbitrum,354065,0.0,0.0,,0.0,0.01035,0.02953,False,yes,multi,False,,,0.3%
e8a99e81-48b4-42f9-b677-583a69a7ae5f,dolomite,LINK,Arbitrum,350704,0.50061,0.50061,,0.55381,0.31191,3.81275,False,no,single,False,Stable/Up,72.0,
de82b0d2-cec7-444d-a502-ea014d338088,gmx-v2-perps,ETH-USDC,Arbitrum,348776,7.5232,7.5232,,2.92729,0.08379,2.41277,False,yes,multi,False,Down,86.0,
b8582b33-80e3-4250-a496-02936860669f,uniswap-v3,WETH-USDT,Arbitrum,348612,21.53205,21.53205,,25.62616,0.96701,22.10443,False,yes,multi,False,Down,64.0,0.3%
766b4c34-76b3-4a57-bbec-2c972ddf8b86,pendle,GUSDC,Arbitrum,343025,14.60591,14.60591,,7.51941,0.13486,7.08945,True,no,single,False,Down,91.0,For LP | Maturity 25JUN2026
78859dcd-63ab-4d0e-bef4-d5a7efef393d,pendle,GUSDC,Arbitrum,343025,10.08153,10.08153,,5.70202,0.05799,6.0967,True,no,single,False,Down,73.0,For buying PT-gUSDC-25JUN2026
b4be06c4-0c13-407d-aa67-7b552860af28,uniswap-v3,PGOLD-USDT,Arbitrum,339868,0.01405,0.01405,,0.00413,0.00682,0.03654,False,yes,multi,False,Stable/Up,66.0,0.3%
b64ffa22-1619-477a-9c98-87cb1d4bec37,camelot-v2,SECT-WETH,Arbitrum,332861,0.00053,0.00053,,0.00129,0.00587,0.03251,False,yes,multi,False,Stable/Up,59.0,
d62b868b-05c3-457b-a10d-af0bd5e82d96,gmx-v2-perps,ETH-USDC,Arbitrum,332009,11.11516,11.11516,,9.63695,0.50243,8.22614,False,yes,multi,False,Down,65.0,
664fd6e5-130a-446e-b039-84a804853c03,sushiswap-v3,WETH-USDC,Arbitrum,325394,44.33352,44.33352,,35.56961,1.12384,40.21403,False,yes,multi,True,Down,80.0,0.05%
20567137-ff2f-4038-b95b-2f54656126dd,beefy,TBTC-WBTC,Arbitrum,324802,0.16384,,,1.37725,0.14248,2.18811,False,no,multi,False,Stable/Up,70.0,Uniswap
8b0a8a57-e1b0-4d69-ab5d-d858de1d4170,morpho-blue,GTUSDCP,Arbitrum,321312,3.92341,3.92341,0.0,4.39264,0.05601,4.16681,True,no,single,False,Down,51.0,
d68f716b-d900-45f5-9ad7-1d84d3532937,uniswap-v3,ARC-WETH,Arbitrum,319818,0.0,0.0,,0.00706,0.70806,2.97464,False,yes,multi,False,,,0.3%
adc1a060-aa9b-416e-ad10-4b7d7100b42c,pendle,USDAI,Arbitrum,319662,2.59979,1.25778,1.34201,3.40835,0.15713,4.60016,True,no,single,False,Stable/Up,77.0,For LP | Maturity 15OCT2026
2785c8d0-348b-4e8f-904e-4b02819993b9,pendle,USDAI,Arbitrum,319662,6.80407,6.80407,,6.98162,0.03827,6.67289,True,no,single,False,Down,56.99999999999999,For buying PT-USDai-15OCT2026
85f878ab-9ae3-4524-afa5-f1356dfb361f,euler-v2,USDC,Arbitrum,318970,3.55373,3.55373,,3.66706,0.1511,5.09094,True,no,single,False,Stable/Up,79.0,EVK Vault eUSDC-2
d619dfa3-a756-4e16-beae-830d9c473989,gammaswap-open-interest,WETH-USDC,Arbitrum,316634,37.24935,37.24935,,8.01836,0.33957,6.97923,False,yes,multi,False,Down,88.0,
8a29868d-487b-4bdf-93f0-c65f5e89cbc7,gmx-v2-perps,TBTC-TBTC,Arbitrum,313824,0.00363,0.00363,,0.07309,0.54263,3.14706,False,no,multi,False,Stable/Up,54.0,
d5123cc8-ffce-4855-97f8-c471952bcd66,uniswap-v3,WEETH-WETH,Arbitrum,308606,0.00032,0.00032,,1.7324,0.59063,3.60328,False,no,multi,False,Stable/Up,52.0,0.3%
415084d5-948c-4a27-a596-3ed9319f8a24,uniswap-v3,CRV-WETH,Arbitrum,308389,29.86617,29.86617,,21.80044,1.75079,51.38247,False,yes,multi,True,Stable/Up,56.00000000000001,0.3%
b801f59c-2d64-4b3d-b3a2-fcebb5985a8e,gmx-v2-perps,ETH-USDC,Arbitrum,300638,19.86248,19.86248,,13.01793,0.37734,5.50399,False,yes,multi,False,Down,90.0,
16f1e582-6b2e-47f9-b31b-06d090194931,curve-dex,CRVUSD-USD₮0,Arbitrum,297335,3.5054,0.84,2.6654,2.62011,0.20023,6.23221,False,yes,multi,False,Stable/Up,81.0,
ad7f3f73-be25-4da6-84b6-4b2b6d80465b,beefy,WETH-ARB,Arbitrum,296777,50.90018,,,103.0312,2.67604,86.96432,False,yes,multi,True,Stable/Up,54.0,Uniswap
643e883f-6922-4c89-82c3-bf3ac260fe1f,compound-v3,USDC,Arbitrum,296159,1.44988,1.44988,0.0,1.95218,0.17056,5.02853,True,no,single,False,Stable/Up,79.0,
04ff70af-0ba7-4eee-8b85-b1e2fd630ea1,fluid-dex,FLUID-ETH,Arbitrum,294734,0.0,0.0,,0.0,0.53064,2.84167,False,yes,multi,False,,,
b64ea04a-3fba-4168-8b1c-e7427794415d,aave-v3,GHO,Arbitrum,293092,2.50441,2.50441,,5.05995,0.28879,6.038,True,no,single,False,Stable/Up,68.0,
0c311bfb-52c6-40bc-8581-1106c5ef0cb4,gamma,DPX-PLSDPX,Arbitrum,292833,0.0,0.0,0.0,0.0,0.34632,2.83295,False,yes,multi,False,,,
bfb0d48d-916e-4990-a56f-624879893c72,dolomite,GLV[WETH-USDC],Arbitrum,290568,0.0,0.0,,0.0,0.0,0.0,False,yes,multi,False,,,
7e7d93cc-2a3c-4662-8e47-fc489e5d2aee,dolomite,GM,Arbitrum,285735,0.0,0.0,,0.0,0.0,0.0,False,no,single,False,,,
f86007ae-d118-4520-88f2-6d55e34f5634,uniswap-v4,UXLINK-USDC,Arbitrum,284572,0.0,0.0,,0.06618,0.03877,0.22323,False,yes,multi,False,,,11.90%
bbd7450a-bef9-451a-9509-36b86a622b86,stargate-v1,USDC,Arbitrum,284559,0.0,,0.0,0.0,0.0931,1.05198,True,no,single,False,,,
6bc0ba8d-4c5d-4d34-bd66-990692f75c3f,uniswap-v3,USDC-THBILL,Arbitrum,279737,8.19941,8.19941,,2.60151,0.06859,0.33461,False,yes,multi,False,Down,83.0,0.01%
9abbb5b6-c64f-4f17-ad4b-b78d0d0d197a,uniswap-v4,WBTC-USDT,Arbitrum,278453,7.42377,7.42377,,5.3619,0.37452,8.39404,False,yes,multi,False,Stable/Up,66.0,0.30%
f4df6981-c534-4075-88fa-7931b5d4e7b6,uniswap-v3,WNT-USDT,Arbitrum,276870,0.0,0.0,,0.00243,0.23091,2.8686,False,yes,multi,False,,,0.3%
6924c07a-e30c-4c63-ab84-baab60b8db36,beefy,WBTC-USDC,Arbitrum,276174,55.65966,,,36.10693,1.49678,47.50285,False,yes,multi,True,Down,57.99999999999999,Pancakeswap
359f75b6-4108-4b61-8282-f6a268ecff6c,fusion-by-ipor,USDC,Arbitrum,276075,2.0869,2.0869,0.0,4.67288,0.0858,3.02376,True,no,single,False,Stable/Up,70.0,IPOR USDC Prime
872bc9c7-5c79-479b-a654-e72b74e4c810,balancer-v2,WBTC-WETH-USDC,Arbitrum,274629,1.55614,1.55614,0.0,1.41754,0.30618,5.59684,False,yes,multi,False,Stable/Up,65.0,
8b4836aa-3ac9-4ff4-8b10-a0e7183360aa,uniswap-v4,ETH-WOO,Arbitrum,272616,0.0,0.0,,0.0,0.0,0.0,False,yes,multi,False,,,0.30%
b9fe70e8-c3e4-4776-a737-68f0f9eb9f9d,gmx-v2-perps,WBTC.B-USDC,Arbitrum,271058,10.28724,10.28724,,8.13152,0.323,8.75594,False,yes,multi,False,Stable/Up,56.00000000000001,
e71a0cb7-4f13-4b95-b144-19943935c2ec,gmx-v2-perps,BNB-USDC,Arbitrum,268073,0.48848,0.48848,,1.30949,0.67088,13.15748,False,yes,multi,False,Stable/Up,77.0,
75036ee6-7282-49d4-877d-183cfd89b6c0,uniswap-v4,OTM-USDT,Arbitrum,267156,0.0,0.0,,2.45074,0.39241,4.7191,False,yes,multi,False,,,4.99%
dfbdb08e-3327-4f1c-80cb-3fa8546b0fbb,woofi-earn,ETH,Arbitrum,264796,1.74451,1.74451,0.0,1.53065,0.12011,5.68764,False,no,single,False,Stable/Up,78.0,SuperchargerV1
19f35e0a-791e-48d0-b391-8de8da2e0a13,gmx-v2-perps,WBTC.B-USDC,Arbitrum,264466,29.90683,29.90683,,9.35056,0.25691,3.78949,False,yes,multi,False,Down,95.0,
445aec38-67cf-4aa8-af22-639875df0f78,fluid-dex,SYRUPUSDC-USDC,Arbitrum,261763,0.0,0.0,,0.73725,0.13605,0.92461,True,no,multi,False,,,
5cd46a12-e454-4c61-bf96-089f5feb2581,curve-dex,CRVUSD-USDC,Arbitrum,260497,3.928,1.52,2.408,2.38287,0.19617,5.9397,True,no,multi,False,Stable/Up,74.0,
9c75059f-782b-4969-972e-081078ff2725,uniswap-v4,XAUT0-USDC,Arbitrum,260297,0.07307,0.07307,,3.73399,0.38224,3.11352,False,yes,multi,False,Stable/Up,64.0,0.05%
dd5114e9-081b-41e4-8d00-41740d0bef8f,gamma,RDPX-WETH,Arbitrum,260172,0.0,0.0,0.0,0.0,0.47192,2.29404,False,yes,multi,False,,,
87482230-5390-44a2-b54f-9510fd3ae6e5,toros,USDY,Arbitrum,259546,6.34,,,6.6051,0.2063,5.82186,True,no,single,False,Down,63.0,
3a153acc-7430-405b-a5d8-5d8f2734d0f2,gmx-v2-perps,ETH-USDC,Arbitrum,257184,1.72073,1.72073,,3.542,0.22308,3.2674,False,yes,multi,False,Stable/Up,65.0,
2a75b948-c90e-4bc8-a238-9deeaf9eceb2,symbiosis,USDC,Arbitrum,255128,4.83418,4.83418,,4.79728,0.07642,3.48012,True,no,single,False,Down,67.0,
e012ca5a-a281-4cf5-a33f-d5710792ab6d,beefy,WETH-USDC,Arbitrum,255122,42.07834,,,30.92609,2.51242,65.87574,False,yes,multi,True,Down,56.00000000000001,Sushi
2f0dff56-ccec-4aa4-b66a-dff94a74c47d,dolomite,GM,Arbitrum,253829,0.0,0.0,,0.0,0.0,0.0,False,no,single,False,,,
a29ce33e-5994-486e-b76e-4a52692d2571,compound-v3,WBTC,Arbitrum,251059,0.0,,,0.0,0.0,0.0,False,no,single,False,,,USDC-pool
519b0477-d3be-4c8a-9697-e16ee7321b68,dolomite,GM,Arbitrum,248689,0.0,0.0,,0.0,0.0,0.0,False,no,single,False,,,
700a5201-4251-4b0a-b711-b547bcd40d7a,dolomite,GM,Arbitrum,248657,0.0,0.0,,0.0,0.0,0.0,False,no,single,False,,,
b9783c07-05de-4c55-97ac-2e1929aff338,gmx-v2-perps,PENDLE-USDC,Arbitrum,248507,9.9805,9.9805,,6.33743,0.37029,9.91582,False,yes,multi,False,Stable/Up,66.0,
a5ca19a4-c665-4cc6-9a6e-13ccc44c3da0,stake-dao,WBTC-TBTC,Arbitrum,244448,0.24045,0.24,0.00045,0.22136,0.06624,0.82594,False,no,multi,False,Stable/Up,55.00000000000001,Curve
e1c4fef6-2a6e-442f-82c4-da14c07e1ca9,gmx-v2-perps,AAVE-USDC,Arbitrum,239926,27.96049,27.96049,,19.50203,0.59773,17.94612,False,yes,multi,False,Down,69.0,
61390e39-948c-4d52-9d47-b5cece228647,gmx-v2-perps,GMX-USDC,Arbitrum,239906,119.04146,119.04146,,38.50683,0.89684,24.56879,False,yes,multi,False,Down,96.0,
aaf1d75c-98d8-40ca-aa90-cc1cf089560f,overnight-finance,USDT-,Arbitrum,239285,1.38545,1.38545,,1.38346,0.0158,1.37741,False,yes,multi,False,Stable/Up,56.00000000000001,
0bf3cb38-1908-4d85-87c3-af62651d5a03,curve-dex,MIM-2CRV,Arbitrum,238567,0.1,0.1,0.0,0.20591,0.32992,0.82973,False,yes,multi,False,Stable/Up,53.0,
24fe98a4-10ce-4690-903b-ac605e599093,ipor-derivatives,USDC,Arbitrum,238556,3.82875,3.82875,,2.97077,0.24348,6.69868,True,no,single,False,Stable/Up,80.0,
61c95d3d-a8c5-4ece-891a-4aae31f033e1,gmx-v2-perps,WBTC.B-USDC,Arbitrum,233874,3.05915,3.05915,,9.27317,0.3998,6.2363,False,yes,multi,False,Stable/Up,52.0,
21320dfc-69d0-40c7-a224-7bead1fb576e,aave-v3,EZETH,Arbitrum,227616,0.0,0.0,,0.0,0.0,0.0,False,no,single,False,,,
0e79d067-1a54-4e24-8239-ec75e5f5bd22,toros,ETHY,Arbitrum,226553,0.49,,,0.56764,0.79333,8.55731,False,no,single,False,Stable/Up,53.0,
896fdcf6-9e7c-48b9-8a83-d7bb3abce21f,gmx-v2-perps,ETH-USDC,Arbitrum,225145,5.46897,5.46897,,6.57309,0.61649,16.11903,False,yes,multi,False,Stable/Up,67.0,
77e99d6c-4c71-4d55-8320-5f5559e8666e,curve-llamalend,WBTC,Arbitrum,224902,0.0,,,0.0,0.0,0.0,False,no,single,False,,,crvUSD borrow
d8f13b99-3eb8-436f-97d6-882ea1eff8f4,uniswap-v3,WETH-USDC.E,Arbitrum,223949,8.52897,8.52897,,12.55651,0.93861,21.36709,False,yes,multi,False,Stable/Up,63.0,0.3%
8d798f61-4374-4e0a-a4a7-9f97a790c352,gmd-protocol,BTC,Arbitrum,223744,5.1143,5.1143,,5.1143,0.14398,5.92782,False,yes,single,False,Stable/Up,59.0,
f413a14f-e487-4325-8c88-3f3665e71606,camelot-v3,GNS-WETH,Arbitrum,221019,15.98631,15.98631,,26.25661,1.08787,24.9278,False,yes,multi,False,Down,50.0,
9416081e-458b-4719-8e92-22115ecc7adf,gmx-v2-perps,WBTC.B-USDC,Arbitrum,219928,12.53993,12.53993,,17.88666,0.53325,15.84743,False,yes,multi,False,Stable/Up,68.0,
d5579c5e-c85c-4e3b-bf94-c00090c76aaa,gmx-v2-perps,WBTC.B-USDC,Arbitrum,216668,16.78056,16.78056,,3.88712,0.18737,2.63321,False,yes,multi,False,Down,97.0,
b55dc023-692d-4b8c-9ef7-f2928f135cd0,uniswap-v4,WBTC-USDC,Arbitrum,216067,26.26831,26.26831,,19.0662,1.37083,25.72716,False,yes,multi,False,Down,57.99999999999999,1.00%
cbe1ac9a-0b0e-47ab-a90b-e2a44574a84b,camelot-v3,GRAIL-USDC,Arbitrum,215499,0.577,0.577,,0.89894,0.31992,4.03987,False,yes,multi,False,Stable/Up,67.0,
12c85226-c003-45ef-b1f4-af6463ab094f,gmx-v2-perps,AVAX-USDC,Arbitrum,215339,20.06745,20.06745,,25.1685,0.73167,25.19016,False,yes,multi,False,Down,56.99999999999999,
eb782bdd-b9a5-4522-914d-285049ce9e9f,uniswap-v3,WETH-UNI,Arbitrum,214491,29.12674,29.12674,,29.05722,0.85656,18.49734,False,yes,multi,False,Down,77.0,0.3%
a0adee00-d1ff-42da-860d-5a0b4662a62d,uniswap-v3,WETH-CRYPTO,Arbitrum,211501,0.0,0.0,,0.34676,1.02742,11.16665,False,yes,multi,False,,,1%
b299391c-5db6-4885-9237-5d5b85e0c5f2,toros,USDMNY,Arbitrum,208429,16.6,,,11.36365,0.54905,7.99626,True,no,single,False,Down,72.0,
95fd15b0-f05e-470f-a87b-ac3d58c2d9a0,uniswap-v3,WETH-AAVE,Arbitrum,206919,17.1808,17.1808,,14.38799,1.32454,41.28627,False,yes,multi,True,Stable/Up,83.0,0.3%
fad38baa-78b7-410b-b72b-5db39b7f6f51,uniswap-v3,WETH-LINK,Arbitrum,206151,10.75925,10.75925,,17.11614,0.89191,24.42656,False,yes,multi,False,Stable/Up,60.0,0.05%
e759712b-c297-4182-8422-0672186f7e84,gammaswap-open-interest,WBTC-WETH,Arbitrum,204170,0.16103,0.16103,,0.37637,0.10506,1.52794,False,yes,multi,False,Stable/Up,56.99999999999999,
71e38ce6-656a-412c-b5b2-7443d37a082e,uniswap-v3,WBTC-USDC,Arbitrum,204103,15.73329,15.73329,,22.39758,0.22186,0.75546,False,yes,multi,False,Down,83.0,0.3%
d1a3947b-c4c8-4ca3-80d9-c91a5decbc9e,camelot-v2,WETH-OHM,Arbitrum,203348,0.01051,0.01051,,0.4334,0.19528,2.49713,False,yes,multi,False,Stable/Up,63.0,
7b60d0bd-fb38-4871-b4e7-d3395cdb252d,uniswap-v3,ARB-USDC.E,Arbitrum,203056,8.56682,8.56682,,9.68044,1.69151,72.92337,False,yes,multi,True,Stable/Up,80.0,0.05%
703db9e1-88af-43dd-ba99-44877f7c53f8,uniswap-v4,ETH-USDT,Arbitrum,202625,2.18387,2.18387,,7.41945,0.64503,17.83381,False,yes,multi,False,Stable/Up,64.0,0.30%
fbd3fe22-8f3f-4479-a0bb-c7f6c2dec4f5,gmx-v2-perps,ETH-USDC,Arbitrum,200494,0.0,0.0,,0.0,4.56231,31.1141,False,yes,multi,True,,,
a36ab020-b495-4f52-ba10-7c5517b76725,uniswap-v4,ETH-PENDLE,Arbitrum,196363,0.0,0.0,,0.0,0.0,0.0,False,yes,multi,False,,,0.30%
2a22810b-7a35-4335-bb36-25da2b54cfe7,balancer-v2,WBTC-TBTC,Arbitrum,196333,0.96357,0.96357,0.0,0.26945,0.07272,0.38501,False,no,multi,False,Down,76.0,
090bbc01-1bfb-435d-b928-58ea9bdc8a25,uniswap-v3,PENDLE-USDC,Arbitrum,196289,16.03695,16.03695,,34.32811,0.38402,1.54789,False,yes,multi,False,Down,90.0,0.3%
d3f4305d-ac0a-4e5a-b814-67c3d7c3b6f0,compound-v3,TBTC,Arbitrum,194878,0.0,,,0.0,0.0,0.0,False,no,single,False,,,USDT-pool
90a8b221-8f2f-4aa9-a0d4-236eb55ebff9,uniswap-v3,USDD-USDC.E,Arbitrum,194855,0.00279,0.00279,,0.03423,0.02673,0.08365,True,no,multi,False,Stable/Up,60.0,0.05%
1e3566c2-fe29-4e2b-a127-d8fa608a388a,morpho-blue,STEAKUSDC,Arbitrum,194198,3.62829,3.62829,0.0,4.55097,0.05643,3.82671,True,no,single,False,Down,50.0,
a29db313-6acc-4bae-867d-d49a139a2a96,uniswap-v3,TUSD-USDC.E,Arbitrum,192800,0.0,0.0,,3e-05,0.0747,0.25869,True,no,multi,False,,,0.05%
f73ea1af-90f3-4e48-b160-f678f9a4f8aa,morpho-blue,GTUSDCB,Arbitrum,191919,3.92341,3.92341,0.0,4.28354,0.05667,4.28885,True,no,single,False,Stable/Up,54.0,
83bf9b9c-e031-4687-b221-fa91133b8205,curve-dex,FRAX-FXB-20261231,Arbitrum,191581,2.72,2.72,0.0,2.73603,0.29989,4.74357,False,yes,multi,False,Stable/Up,63.0,
0ef269a0-a9ca-495c-b003-45a71cba3f96,gmx-v2-perps,ETH-USDC,Arbitrum,190976,4.88085,4.88085,,2.83107,0.47555,8.03866,False,yes,multi,False,Down,60.0,
443b504b-d5d0-4bf8-a670-1a051d0ba2c0,gmx-v2-perps,WBTC.B-USDC,Arbitrum,189172,7.57404,7.57404,,12.04485,0.69145,18.86021,False,yes,multi,False,Stable/Up,63.0,
3c8c3734-d1c8-4226-993a-c19775bfa6da,stargate-v1,USDT,Arbitrum,188500,0.0,,0.0,0.0,0.12759,1.41414,True,no,single,False,,,
a06c183f-3b9f-4492-b21e-6b55bb5560cc,uniswap-v4,WBTC-CBBTC,Arbitrum,187289,0.0,0.0,,0.0,0.0,0.0,False,no,multi,False,,,0.00%
f06408fd-c7a3-4b2b-a94c-9d8a39357999,beefy,WETH-USDC,Arbitrum,185075,25.33677,,,32.48089,1.21305,44.04398,False,yes,multi,True,Stable/Up,79.0,Pancakeswap
02f8eb07-4357-4b1e-a175-bdc8c4f4b61d,gmx-v2-perps,ETH-USDC,Arbitrum,184668,23.29105,23.29105,,39.01811,0.64198,14.56021,False,yes,multi,False,Down,68.0,
ba3aafd5-3504-4b6a-86e6-fbaf984a6019,uniswap-v4,ETH-RYZE,Arbitrum,183860,0.0,0.0,,0.0,0.0,0.0,False,yes,multi,False,,,0.30%
358f48dd-d161-4eb2-b256-6808fe80dacb,morpho-blue,THBILL,Arbitrum,183226,0.0,,,0.0,0.0,0.0,False,no,single,False,,,
49116ccf-0a6d-48ac-a9de-cc6d62117734,gmx-v2-perps,GMX-GMX,Arbitrum,182920,12.70353,12.70353,,3.56098,0.36323,9.54941,False,no,multi,False,Stable/Up,62.0,
3c88637c-ef45-41ac-8e4f-d4f72eb7e3c6,stake-dao,CRVUSD,Arbitrum,182902,5.90056,0.5238,5.37676,7.22495,0.10354,8.10261,True,no,single,False,Stable/Up,65.0,Curve LlamaLend WBTC
21b4fa3a-1203-4027-9f21-628cf73d148e,uniswap-v4,ETH-USDC,Arbitrum,181205,0.0,0.0,,0.0,11.70701,141.5496,False,yes,multi,True,,,Dynamic fee (hook)
ac6586ef-aeec-4448-bab8-c3a1b14b59a3,balancer-v3,BALANCERRETH-AAVEWETH,Arbitrum,176864,1.39415,1.39415,0.0,2.53336,0.09565,2.37137,False,no,multi,False,Stable/Up,56.00000000000001,
57437274-42a0-45eb-8389-992b8b71fc44,uniswap-v3,WETH-ARB,Arbitrum,175922,6.60248,6.60248,,33.74684,1.16133,13.0672,False,yes,multi,False,Stable/Up,51.0,1%
a7c397dc-f960-4c39-a267-3353acdfa4c9,gmx-v2-perps,ETH-USDC,Arbitrum,175074,3.74312,3.74312,,7.06118,0.34902,7.85964,False,yes,multi,False,Stable/Up,68.0,
7f0da0dd-041b-4bfe-b9f9-d76be8f9c141,kyberswap-fairflow,WBTC-CBBTC,Arbitrum,174880,31.41212,5.65843,25.7537,14.67742,0.54917,11.62675,False,no,multi,False,Down,93.0,Univ4 Kyber FairFlow
30ae04c0-1654-4ce7-abaa-6a6220e03fe0,uniswap-v4,ETH-WXTZ,Arbitrum,174854,0.0,0.0,,0.0,0.0,0.0,False,yes,multi,False,,,0.30%
c34b6d2c-4374-49a9-8176-f846e9d9be87,silo-v2,WSTUSR,Arbitrum,174166,0.0,0.0,,0.0,0.0,0.0,False,no,single,False,,,149
becdf40b-62cf-42cb-83f5-9891fd652630,uniswap-v4,WBTC-CBBTC,Arbitrum,173796,0.0,0.0,,0.0,0.0,0.0,False,no,multi,False,,,0.01%
b649f638-8b45-4abb-b5b8-cc2a6ab47190,uniswap-v3,VCNT-USDC,Arbitrum,172362,0.70296,0.70296,,5.12848,0.0863,0.28187,False,yes,multi,False,Down,69.0,0.3%
317f2585-37ee-444a-862f-446a6173096a,curve-llamalend,WETH,Arbitrum,171825,0.0,,,0.0,0.0,0.0,False,no,single,False,,,crvUSD borrow
9133499d-2790-426f-9049-237282cb59f9,curve-dex,USDC-USD₮0,Arbitrum,171016,5.21956,2.14,3.07956,4.21852,0.11695,6.07223,False,yes,multi,False,Stable/Up,53.0,
02ca9060-f168-4658-8257-4cb32c938089,uniswap-v4,EVA-USDT,Arbitrum,169642,10.39805,10.39805,,11.52161,0.64472,7.00886,False,yes,multi,False,Down,75.0,0.30%
f244f47c-c632-4ca6-ad91-17fe1935a7f5,uniswap-v3,USDC-BURN,Arbitrum,168920,0.02248,0.02248,,0.14821,0.00794,0.01353,False,yes,multi,False,Stable/Up,56.99999999999999,0.3%
e1a9291b-17ec-437a-a3f0-4d25776f58ff,morpho-blue,SPL,Arbitrum,168847,3.57031,3.57031,0.0,3.77612,0.05048,3.67125,False,no,single,False,Stable/Up,57.99999999999999,
f44f5bd1-32d8-48df-a338-889059a9d399,gmx-v2-perps,ETH-USDC,Arbitrum,167594,6.92844,6.92844,,2.8546,0.08727,3.49296,False,yes,multi,False,Down,76.0,
cd0b7ace-e224-4da3-9c3d-4ae71763c379,stargate-v1,SGETH,Arbitrum,166216,0.0,,0.0,0.0,0.07908,0.7409,False,no,single,False,,,
a15170cc-d6d7-457f-9d1f-64ee5f881842,camelot-v3,WEETH-WETH,Arbitrum,165787,0.40174,0.40174,,1.7182,0.31218,3.30069,False,no,multi,False,Stable/Up,60.0,
8a677275-3e27-4a3b-a262-a5e2c79dfc98,balancer-v2,WSTETH-UPDOGE,Arbitrum,165280,0.0,0.0,,0.0,0.0,0.0,False,yes,multi,False,,,
f2308992-d35b-42a3-a846-594f709fff0d,uniswap-v3,MXNB-USDT,Arbitrum,163374,0.0,0.0,,0.19717,0.04335,0.15543,False,yes,multi,False,,,0.3%
7df9a60c-61eb-4708-a5a4-613275ddf3f9,uniswap-v3,USDC-GMX,Arbitrum,163324,0.36594,0.36594,,11.39769,0.22689,0.98329,False,yes,multi,False,Down,56.99999999999999,1%
99b5eb89-f35d-497a-8a58-702212b6d559,fluid-lending,WEETH,Arbitrum,160289,0.0,0.0,,0.0,0.0,0.0,False,no,single,False,,,
80e49e3d-9a80-4ff9-a816-e3d8d20b0fdf,uniswap-v4,XAUT0-USDT,Arbitrum,159883,29.64589,29.64589,,14.02278,1.36482,26.93661,False,yes,multi,False,Down,62.0,0.60%
8957da1b-9d3c-438a-9bc1-fbab4dfce2c9,curve-dex,WETH-FRXETH,Arbitrum,158717,0.0,0.0,0.0,0.00874,0.26444,0.67228,False,no,multi,False,,,
731d3126-d2b7-48a9-894d-ceec5ac1f647,uniswap-v3,USDRIF-USDT,Arbitrum,157785,0.0,0.0,,0.0,0.26163,0.90019,True,no,multi,False,,,0.3%
174054ae-6a04-4796-9899-9f2b472d9ad3,harvest-finance,WBTC,Arbitrum,157326,0.64,0.64,,0.41024,0.09513,1.98502,False,no,single,False,Stable/Up,64.0,Dolomite
9984360f-b781-4018-9d54-3444c4ea6c55,uniswap-v3,PEAR-WETH,Arbitrum,157049,5.93099,5.93099,,3.83279,1.2599,15.56382,False,yes,multi,False,Stable/Up,59.0,0.3%
383ae6a9-03e8-4698-909a-ad75eef9a67d,euler-v2,TETH,Arbitrum,153797,0.0,0.0,,0.0,0.00862,0.08657,False,no,single,False,,,EVK Vault etETH-1
3f3a4a11-f3b1-4a2d-a2e4-f34ef792aa91,uniswap-v3,WETH-KNS,Arbitrum,153792,0.0,0.0,,0.01001,0.00931,0.06605,False,yes,multi,False,,,0.01%
08d1221e-85cd-4feb-a9e4-9a0e552d2a05,uniswap-v3,ARB-USDT,Arbitrum,153489,47.95886,47.95886,,33.40435,1.50175,43.90118,False,yes,multi,True,Stable/Up,63.0,0.3%
0b078856-eb5d-4958-9ef4-8b490956ca95,ample,USDC,Arbitrum,153359,5.03874,5.03874,,13.94311,0.39897,14.5753,True,no,single,False,Stable/Up,83.0,
080d7a98-8c6e-46ac-9479-64b6ee14c380,beefy,CRVUSD-USDT0,Arbitrum,153257,4.73542,,,4.18578,0.32846,9.8759,True,no,multi,False,Stable/Up,83.0,Convex
5c93a241-6c43-4c94-8286-5bdb6127a1c1,uniswap-v3,ANT-USDC,Arbitrum,152813,20.75437,20.75437,,20.28617,0.2827,1.61699,False,yes,multi,False,Down,91.0,0.3%
bedc1860-dc07-4215-a64e-f09ee7513b58,gmx-v2-perps,ETH-USDC,Arbitrum,151315,27.17303,27.17303,,15.28402,0.80438,9.42159,False,yes,multi,False,Down,83.0,
bd655034-56b8-4b66-a8a1-7b0732bc5dba,camelot-v3,APEX-WETH,Arbitrum,147986,5.71166,5.71166,,8.61957,2.10238,33.2848,False,yes,multi,True,Stable/Up,79.0,
50fa251e-e773-4fcd-b7bf-1a77aa61676d,uniswap-v3,USDC-MXNB,Arbitrum,147943,0.0,0.0,,0.84377,0.06072,0.19305,False,yes,multi,False,,,0.05%
edf39882-a615-4931-83d3-7acfddfebd43,uniswap-v3,LINK-USDT,Arbitrum,147909,17.14871,17.14871,,16.32837,1.66476,49.97615,False,yes,multi,True,Stable/Up,85.0,0.3%
9f639eaa-95ed-4814-a696-4281364d4d7f,gamma,XY-USD₮0,Arbitrum,146412,0.0,0.0,0.0,0.0,0.05882,0.15185,False,yes,multi,False,,,0.05%
79dbe362-f71c-426c-9b29-2112f97ce4f5,gmx-v2-perps,WSTETH-USDE,Arbitrum,146111,1.09718,1.09718,,3.07135,0.64669,8.19895,False,yes,multi,False,Down,56.99999999999999,
df91a9a9-a89d-4bd0-9088-0d049d5fcea1,gmx-v2-perps,ETH-USDC,Arbitrum,145697,138.15564,138.15564,,33.08072,0.53063,6.76873,False,yes,multi,False,Down,96.0,
76bad788-1d19-450d-a048-9c74490cce2a,gmx-v2-perps,ETH-USDC,Arbitrum,145564,0.09324,0.09324,,1.43081,1.07717,10.79294,False,yes,multi,False,Stable/Up,62.0,
edcd0773-dec3-4ed6-8fbb-c4c7d7b79f07,dolomite,WSTETH,Arbitrum,145221,0.00937,0.00937,,0.03382,0.10575,1.12491,False,no,single,False,Stable/Up,71.0,
a53d6563-9a40-4b62-adfa-ef3e7d1af18b,beefy,WAARBUSDCN-EURE,Arbitrum,144378,3.20827,,,3.97097,0.17439,7.49578,True,yes,multi,False,Stable/Up,78.0,Aura
829ac1b4-2129-4699-a412-59a5d7dbab64,compound-v3,WSTETH,Arbitrum,144119,0.0,,,0.0,0.0,0.0,False,no,single,False,,,WETH-pool
bb9bd2df-3a47-4410-90f3-168abf7bfd13,toros,BTCY,Arbitrum,141657,0.0,,,0.0,0.65369,7.1713,False,no,single,False,,,
c86c7089-2962-4d6f-b9cd-509752b7f7ea,camelot-v3,WETH-LINK,Arbitrum,141652,5.96804,5.96804,,11.50165,1.57431,38.68898,False,yes,multi,True,Stable/Up,82.0,
1deface8-78bd-4c8f-a1f8-685df5d33f94,fusion-by-ipor,WBTC,Arbitrum,141340,0.6406,0.6406,0.0,0.41028,0.03115,1.02551,False,no,single,False,Stable/Up,72.0,Harvest WBTC vault Arbitrum
64826e3d-a775-4d7a-8ab1-3c77d1c758d8,harvest-finance,WBTC,Arbitrum,141327,0.49,0.49,,0.26024,0.02955,0.90995,False,no,single,False,Stable/Up,71.0,Autopilot
7aab7b0f-01c1-4467-bc0d-77826d870f19,aave-v3,USDC,Arbitrum,140760,4.19454,4.19454,,3.9039,0.16136,3.67128,True,no,single,False,Down,59.0,
753707cd-8a01-45c1-ab09-c460a45fc99b,uniswap-v4,ETH-PENDLE,Arbitrum,140063,0.0,0.0,,0.0,0.0,0.0,False,yes,multi,False,,,0.40%
7be4f8c2-d5c6-4961-bbec-e362fa4a1f4a,allbridge-classic,USDT,Arbitrum,139925,0.00441,0.00441,,0.04263,0.00568,0.10576,True,no,single,False,Stable/Up,59.0,
077ad274-8cd5-498a-b458-9f727e3caec2,camelot-v2,JONES-WETH,Arbitrum,139922,0.05063,0.05063,0.0,0.0554,0.2732,2.23352,False,yes,multi,False,Stable/Up,68.0,
23da65dd-516b-4a51-b12d-4d42ec6cfcb1,uniswap-v4,USDAI-USDC,Arbitrum,137108,0.0,0.0,,0.0,0.0,1e-05,True,no,multi,False,,,0.30%
4606a6d6-445d-4338-81bf-e96c38196bcb,camelot-v2,WETH-USDC,Arbitrum,136803,3.84681,3.84681,0.0,3.5281,0.67626,10.54675,False,yes,multi,False,Stable/Up,55.00000000000001,
8fe49c7b-64b7-49cb-9924-411f618588ef,compound-v3,EZETH,Arbitrum,136510,0.0,,,0.0,0.0,0.0,False,no,single,False,,,USDC-pool
95395442-9b4a-47a9-ad4f-14cbb7a1efd3,overnight-finance,XUSD,Arbitrum,136351,0.77742,0.77742,,0.73569,0.05177,1.41298,True,no,single,False,Stable/Up,69.0,
4b0f0d1d-3f08-4db2-a3d9-63c1d09b76a4,uniswap-v3,CNFI-WETH,Arbitrum,135890,0.0,0.0,,0.15933,0.13171,0.79485,False,yes,multi,False,,,0.3%
c5c4a89d-c73c-4ae3-9b07-7630f28052ab,uniswap-v3,WETH-MXGLP,Arbitrum,133879,0.0,0.0,,0.0,0.00376,0.00366,False,yes,multi,False,,,0.3%
240bcd61-cc7a-40fa-9dec-b6e84e00f65c,uniswap-v3,LPT-WETH,Arbitrum,133409,7.89275,7.89275,,27.25597,1.24681,26.41178,False,yes,multi,False,Stable/Up,81.0,0.3%
b321cd14-b7eb-4347-85d5-fe7f9720b2d8,gmx-v2-perps,WBTC.B-USDC,Arbitrum,132446,3.63634,3.63634,,1.67424,1.49593,17.916,False,yes,multi,False,Stable/Up,67.0,
be3d7cb9-f008-4050-8802-13ea505bcbdf,compound-v3,WETH,Arbitrum,131762,1.65972,1.65972,0.0,1.46136,0.59252,2.80488,False,no,single,False,Down,69.0,
16c09aa8-dc98-4c34-8d14-ebebccae7cf4,uniswap-v3,WETH-NST,Arbitrum,131200,8.89578,8.89578,,6.57317,0.98688,22.51516,False,yes,multi,False,Stable/Up,64.0,0.3%
c329454e-1070-443c-9464-bcd4caff310e,balancer-v2,DAI-USDT-USDC,Arbitrum,130282,0.16554,0.16542,0.00012,0.16497,0.16466,1.5813,True,no,multi,False,Stable/Up,52.0,
1010d1a5-e842-4761-9d39-45e156bb1c72,uniswap-v3,MYRC-USDT,Arbitrum,130148,15.40443,15.40443,,8.84505,0.31182,5.31465,False,yes,multi,False,Down,94.0,0.3%
fdbe85f6-71be-4e9c-9dd3-256b24d22a95,morpho-blue,BBQUSDT0,Arbitrum,129558,5.35172,5.35172,0.0,3.13618,0.07798,3.13997,True,no,single,False,Down,81.0,
4e46dbcc-5249-437e-8eec-38c700d4ba0d,morpho-blue,SFP3,Arbitrum,129535,4.3373,4.3373,0.0,2.60771,0.02624,2.77127,False,no,single,False,Down,52.0,
4b0214bf-be80-464d-9058-8712af9c0cab,uniswap-v3,NYA-WETH,Arbitrum,128668,0.03128,0.03128,,0.01452,0.00143,0.02083,False,yes,multi,False,Stable/Up,60.0,0.01%
7f0f3f5e-4c86-4fd0-ab9b-f66b8bff7d56,uniswap-v4,ETH-PENDLE,Arbitrum,128455,0.0,0.0,,0.0,0.0,0.0,False,yes,multi,False,,,0.21%
76a365b1-2628-4a7a-adad-89488a1b4d89,uniswap-v3,WBTC-USDT,Arbitrum,127789,6.52923,6.52923,,14.36216,1.10985,19.03599,False,yes,multi,False,Stable/Up,56.99999999999999,0.3%
0e1ee178-5770-40e1-b79b-0cb218fe9740,gmx-v2-perps,ETH-USDC,Arbitrum,127322,31.70458,31.70458,,30.75536,0.41389,7.47615,False,yes,multi,False,Down,82.0,
e6f6475b-95a9-4940-853a-a5445825fc5a,gremlix,USDC,Arbitrum,126823,0.0,0.0,,12329.07866,17.46283,399.91916,True,no,single,True,,,USDC Dual Grid Vault
13ba3fdd-e4fa-42cb-98c7-8e9a4278fe7b,uniswap-v3,WETH-ARCHI,Arbitrum,126011,0.0,0.0,,0.00201,0.29896,1.38581,False,yes,multi,False,,,0.3%
36165df5-9bee-45e1-8051-e60982f412dd,fluid-lending,WEETH,Arbitrum,124187,0.0,0.0,,0.0,0.0,0.0,False,no,single,False,,,
e1db0dbc-b530-4525-a407-ec9d930929e7,uniswap-v3,USDC-DAI,Arbitrum,123864,4.06534,4.06534,,2.43956,0.30803,5.57748,True,no,multi,False,Down,67.0,0.01%
d8f76f0a-1649-4212-a96f-c09dd1fd9bb4,dolomite,USD₮0,Arbitrum,123410,3.34405,3.34405,,4.27785,0.38599,9.47454,False,no,single,False,Stable/Up,75.0,
11c8f0ab-4c57-4493-aa5d-648cc69f829a,uniswap-v3,PRESPX-USDT,Arbitrum,123061,0.03713,0.03713,,0.58732,0.05486,0.42141,False,yes,multi,False,Down,51.0,0.3%
8970e648-4be7-4127-abb0-74ce41b559e5,beefy,WBTC-WETH,Arbitrum,122978,1.86685,,,3.23966,0.76618,20.22452,False,yes,multi,False,Stable/Up,62.0,Pancakeswap
6cd5c507-ff67-40ff-b37d-96cdf0985e78,curve-dex,ETH+-WETH,Arbitrum,122442,1.58,1.58,0.0,1.3789,0.15987,3.56489,False,no,multi,False,Stable/Up,70.0,
8d4d3acb-e1bf-471a-8256-36b90a8f4d25,aave-v3,FRAX,Arbitrum,122109,0.41869,0.41869,,0.54204,0.20947,4.50644,True,no,single,False,Stable/Up,70.0,
f26c1104-f827-424e-98c7-a977fa0f7a9a,gmx-v2-perps,WBTC.B-USDC,Arbitrum,120539,15.28146,15.28146,,12.44658,0.57321,19.6409,False,yes,multi,False,Stable/Up,84.0,
13cad5d6-089b-48ac-b5fc-89e17f372f55,curve-llamalend,CRVUSD,Arbitrum,120418,0.6163,0.6163,0.0,4.13082,0.34941,12.97743,True,no,single,False,Stable/Up,79.0,asdCRV collateral
ded8d9ac-28ef-4be2-b36b-097e84636135,uniswap-v4,ETH-WSTETH,Arbitrum,120279,0.0,0.0,,0.0,0.0,0.0,False,no,multi,False,,,0.03%
7551ff59-180f-411e-b84a-e1a0b09172b5,stake-dao,CRVUSD,Arbitrum,119510,8.08108,2.104,5.97708,7.97453,0.10231,8.04779,True,no,single,False,Stable/Up,53.0,Curve LlamaLend WETH
2d4ca6f7-b980-49df-b32e-91f613ae9e09,uniswap-v3,WETH-USDC,Arbitrum,119352,1.52905,1.52905,,6.51513,1.365,36.07055,False,yes,multi,True,Stable/Up,69.0,0.01%
ad4fc370-78de-4203-9146-d7545a3f895f,camelot-v3,PENDLE-WETH,Arbitrum,118916,85.10322,85.10322,,42.44964,1.95992,63.33231,False,yes,multi,True,Down,59.0,
a0693abd-1c27-422c-b42f-6234e3c45238,uniswap-v3,USDC-AAVE,Arbitrum,117751,13.29155,13.29155,,24.82579,0.29862,1.2105,False,yes,multi,False,Down,92.0,0.3%
b6d41555-60e5-485f-9629-ae292c563a5d,aave-v3,LUSD,Arbitrum,117428,1.00133,1.00133,,1.06843,0.19764,4.18143,True,no,single,False,Stable/Up,73.0,
89e75e9c-9918-4dc1-86eb-c649ce32a9d2,silo-v2,SUSDX,Arbitrum,117351,0.0,0.0,,0.0,0.0,0.0,True,no,single,False,,,127
3deb0226-e667-412d-a788-2d1dc50a3711,uniswap-v4,ETH-LINK,Arbitrum,115074,0.0,0.0,,0.0,0.0,0.0,False,yes,multi,False,,,0.30%
c4adc23f-1e5b-4889-8488-57481d98bfb5,curve-dex,FETH-XETH-WETH,Arbitrum,114984,0.21214,0.21,0.00214,0.36506,1.50252,14.35547,False,no,multi,False,Stable/Up,76.0,
877ad94d-4acd-4e19-8ebd-aa1575d08d00,deltaprime,WETH,Arbitrum,113025,0.02768,0.02768,,0.25977,0.34426,5.23126,False,no,single,False,Stable/Up,76.0,
fcdc7370-8607-4421-872e-c22166b11663,gmx-v2-perps,WBTC.B-USDC,Arbitrum,112476,8.77018,8.77018,,13.89202,0.38497,10.4913,False,yes,multi,False,Stable/Up,73.0,
bb832f3a-6404-486d-bbfe-475a2f72a886,uniswap-v3,USDS-USDC.E,Arbitrum,110784,0.07543,0.07543,,0.76039,0.14009,1.06109,True,no,multi,False,Stable/Up,56.99999999999999,0.05%
37115708-79b0-485b-942d-661e0a64b137,uniswap-v3,WETH-ZPC,Arbitrum,109616,0.0,0.0,,0.01768,1.25416,4.97269,False,yes,multi,False,,,1%
3966145f-dc53-4ad8-b6e2-3eb5ad367e37,compound-v3,ARB,Arbitrum,109504,0.0,,,0.0,0.0,0.0,False,no,single,False,,,USDC-pool
090fc2f2-2372-4357-942b-360df048d3d6,gmx-v2-perps,SOL-SOL,Arbitrum,109404,7.96147,7.96147,,2.66729,0.33402,6.97077,False,no,multi,False,Down,68.0,
2530fd31-5d1b-4793-b36f-96e4fbaed235,curve-llamalend,ASDCRV,Arbitrum,108779,0.0,,,0.0,0.0,0.0,False,no,single,False,,,crvUSD borrow
90b42cdd-00b1-4ae3-a9b0-7058fe264408,beefy,WETH-USDT0,Arbitrum,108363,18.94737,,,24.98055,1.39404,50.31913,False,yes,multi,True,Stable/Up,83.0,Pancakeswap
292673f0-42de-4073-b128-1382a4d19e25,uniswap-v3,LAVA-WETH,Arbitrum,107710,0.00032,0.00032,,0.00058,0.62195,5.6732,False,yes,multi,False,Down,52.0,0.05%
ad98abba-0691-4392-a1a5-3a3eaefc78cb,uniswap-v3,DAI-USDT,Arbitrum,107311,4.94514,4.94514,,4.10308,0.42883,9.28046,True,no,multi,False,Stable/Up,63.0,0.01%
3ad39911-5e1a-4b3f-8601-c8ccfccffff7,camelot-v3,USDC-DAI,Arbitrum,107306,2.45197,2.45197,,1.303,0.25693,5.6244,True,no,multi,False,Stable/Up,75.0,
e92a6af8-146a-401c-bd0d-a0c50f092ef8,fluid-lending,WSTETH,Arbitrum,106713,0.01,0.01,,0.0109,0.00113,0.01608,False,no,single,False,Stable/Up,69.0,
c4f27457-0d3d-4f6d-8c3e-eb1a0e6e91b8,uniswap-v3,PENDLE-WETH,Arbitrum,106342,21.33256,21.33256,,36.29984,1.47219,50.58845,False,yes,multi,True,Stable/Up,85.0,0.05%
727893f3-65e4-46e9-bf80-dae2549317e3,synapse,NETH-WETH,Arbitrum,106073,0.0,,,0.0,0.1756,5.73412,False,no,multi,False,,,
cf9344de-1e51-4a17-8cfb-c47a765f3346,morpho-blue,MUX-V3SENIORTRANCHESUSDE,Arbitrum,105638,1e-05,1e-05,0.0,1e-05,0.0,1e-05,False,yes,multi,False,Stable/Up,50.5,
05c03fa1-aa11-40d7-b617-99f010e879c5,curve-dex,CRVUSD-USDC.E,Arbitrum,104851,3.54815,0.35,3.19815,2.76797,0.20937,6.34984,True,no,multi,False,Stable/Up,67.0,
11f4f3ae-021f-4d85-9c83-2b9c5cb7a51e,camelot-v2,WETH-EQB,Arbitrum,104689,0.0,0.0,0.0,0.55106,0.5276,5.97176,False,yes,multi,False,,,
fc839036-4ef2-42c7-860c-7f6349b84293,uniswap-v3,WETH-KRL,Arbitrum,103364,0.0,0.0,,0.34842,0.05989,0.52144,False,yes,multi,False,,,0.3%
bdd318d9-d4f8-45f8-8146-895c451eb16a,wombat-exchange,LP-USDC,Arbitrum,103113,0.34951,0.19005,0.15946,0.28375,0.11666,1.84224,False,yes,multi,False,Down,51.0,
9d25d4e3-474c-4099-b77b-ff71f09395a2,uniswap-v4,ETH-ETHFI,Arbitrum,102933,0.0,0.0,,0.0,0.0,0.0,False,no,multi,False,,,1.00%
051b6d88-bba8-4cd6-8a34-c6164471780b,morpho-blue,MUX-V3SENIORTRANCHESUSDC,Arbitrum,102889,0.0,0.0,0.0,0.0,0.0,0.0,False,yes,multi,False,,,
5b778e69-bfb8-4665-8e1d-37ccc9015fe3,morpho-blue,EDGEUSDC,Arbitrum,102162,3.45866,3.45866,0.0,4.32545,0.06435,3.98807,True,no,single,False,Stable/Up,53.0,
04412188-ea3c-400a-9526-4185b5a8e4a9,kyberswap-fairflow,USDC-USD₮0,Arbitrum,101411,1.69134,0.08234,1.609,0.64963,0.24534,3.69219,False,yes,multi,False,Stable/Up,56.00000000000001,Univ4 Kyber FairFlow
2100ff1b-4ff8-4cf3-81e5-a6630931467c,usual-usd0,BUSD0,Arbitrum,100116,2.53876,,2.53876,3.23903,0.47278,8.65421,True,no,single,False,Stable/Up,57.99999999999999,
